id,r2,partistic,partistic_support,partistic_tree_confidence,clade,clade_support,clade_tree_cofidence,regression,placement,placement_support
CAP287_GAG_P17_W44_QVOA_1,0.43470592102412575,28,0.3333333333333333,0.6666666666666666,137,0.3125,0.29411764705882354,145.20605335443224,099,0.4553955743303497
CAP287_GAG_P17_W55_QVOA_1,0.43470592102412575,255,0.4782608695652174,0.59375,255,0.32926829268292684,0.59375,228.20634171014206,255,0.9715341633753773
CAP287_GAG_P17_W7_QVOA_1,0.43470592102412575,255,1,0.59375,255,0.32926829268292684,0.59375,188.9232336152444,255,0.9964372887444504
CAP287_GAG_P17_W13_QVOA_2,0.43470592102412575,152,1,0.13793103448275862,255,0.41379310344827586,0.59375,167.23784942881935,255,0.2220477973490342
CAP287_GAG_P17_W25_QVOA_1,0.43470592102412575,112,1,0.4166666666666667,112,1,0.3333333333333333,130.37962454965609,112,0.8868728583723633