id,r2,partistic,partistic_support,partistic_tree_confidence,clade,clade_support,clade_tree_cofidence,regression,placement,placement_support
CAP287_ENV_C2C3_W7_QVOA_1,0.8518546942787493,255,1,0.7096774193548387,255,0.5555555555555556,0.6774193548387096,255.14982090427387,255,0.9983912572290876
CAP287_ENV_C2C3_W55_QVOA_1,0.8518546942787493,255,1,0.7096774193548387,255,0.8,0.6774193548387096,262.02446624603294,255,0.9999991285378267
CAP287_ENV_C2C3_W41_QVOA_1,0.8518546942787493,216,1,0.7538461538461538,216,0.3263157894736842,0.8769230769230769,216.20273741567874,229,0.3332410141493455
CAP287_ENV_C2C3_W25_QVOA_1,0.8518546942787493,137,0.68,0.8214285714285714,137,0.8333333333333334,0.8214285714285714,116.60354099253149,137,0.9990417223242974
CAP287_ENV_C2C3_W13_QVOA_1,0.8518546942787493,216,1,0.7538461538461538,216,1,0.8769230769230769,206.02937112364,216,0.9906236621899963
CAP287_ENV_C2C3_W44_QVOA_1,0.8518546942787493,28,1,0.8709677419354839,216,0.24113475177304963,0.8769230769230769,51.571613687019756,028,0.9999410438017404