id,r2,partistic,partistic_support,partistic_tree_confidence,clade,clade_support,clade_tree_cofidence,regression,placement,placement_support
CAP287_ENV_C4C5_W25_QVOA_1,0.9265174836669936,112,0.5,0.6875,152,0.22070844686648503,0.7530864197530864,165.14176680249122,112,0.32900434061873096
CAP287_ENV_C4C5_W13_QVOA_1,0.9265174836669936,229,1,0.45454545454545453,229,0.5,0.6060606060606061,230.29294707600022,229,0.9824690966496612
CAP287_ENV_C4C5_W55_QVOA_1,0.9265174836669936,255,1,0.7368421052631579,255,1,0.23684210526315788,245.6188644828591,255,0.9992203709252576
CAP287_ENV_C4C5_W7_QVOA_1,0.9265174836669936,255,1,0.7368421052631579,229,0.371900826446281,0.6060606060606061,274.92407057045114,255,0.9995420336839208
CAP287_ENV_C4C5_W41_QVOA_1,0.9265174836669936,192,0.5,0.5106382978723404,192,0.4782608695652174,0.2765957446808511,205.58337870455128,192,0.5116915936321014
CAP287_ENV_C4C5_W44_QVOA_1,0.9265174836669936,28,1,0.7474747474747475,152,0.19424460431654678,0.7530864197530864,15.388102433658183,028,0.9981025938389139