id,r2,partistic,partistic_support,partistic_tree_confidence,clade,clade_support,clade_tree_cofidence,regression,placement,placement_support
CAP287_ENV_C1C2_W25_QVOA_1,0.5780796250756364,112,0.5,0.56,137,0.2857142857142857,0.7777777777777778,122.55270379729316,137,0.17530249716224924
CAP287_ENV_C1C2_W55_QVOA_1,0.5780796250756364,255,1,0.43478260869565216,229,0.2375,0.84375,236.3085554904758,255,0.9970179360072587
CAP287_ENV_C1C2_W7_QVOA_1,0.5780796250756364,192,0.5,0.35714285714285715,229,0.2375,0.84375,238.25773311758195,192,0.6502212518429774
CAP287_ENV_C1C2_W41_QVOA_1,0.5780796250756364,192,0.5833333333333334,0.35714285714285715,229,0.2375,0.84375,232.36406585455686,192,0.2814778064123508
CAP287_ENV_C1C2_W13_QVOA_1,0.5780796250756364,216,1,0.5121951219512195,229,0.2375,0.84375,226.52806656866514,152,0.3117267387477049
CAP287_ENV_C1C2_W44_QVOA_1,0.5780796250756364,28,1,0.9,N/A,N/A,N/A,37.008026517730286,028,0.9999932733803426