id,r2,partistic,partistic_support,partistic_tree_confidence,clade,clade_support,clade_tree_cofidence,regression,placement,placement_support
CAP287_ENV_C2C3_W25_QVOA_1,0.8579526170307463,137,0.64,0.8214285714285714,137,0.40350877192982454,0.8571428571428571,116.41506478349048,137,0.9990410930311047