id,r2,partistic,partistic_support,partistic_tree_confidence,clade,clade_support,clade_tree_cofidence,regression,placement,placement_support
CAP287_ENV_C1C2_W25_QVOA_1,0.5285674803995768,112,0.3333333333333333,0.6666666666666666,137,0.3076923076923077,0.8888888888888888,122.75507460703574,137,0.17562737009506293
CAP287_ENV_C1C2_W13_QVOA_1,0.5285674803995768,216,1,0.525,216,0.21951219512195122,0.825,219.89523050980426,152,0.33252449070617607
CAP287_ENV_C1C2_W41_QVOA_1,0.5285674803995768,192,0.6363636363636364,0.3333333333333333,216,0.21951219512195122,0.825,224.40989414317076,216,0.2428748590743828
CAP287_ENV_C1C2_W7_QVOA_1,0.5285674803995768,192,0.5,0.3333333333333333,229,0.39285714285714285,0.6774193548387096,230.28323616856935,192,0.6512742874985753
CAP287_ENV_C1C2_W55_QVOA_1,0.5285674803995768,255,1,0.43478260869565216,229,0.39285714285714285,0.6774193548387096,229.72157777816238,255,0.9970143167403928
CAP287_ENV_C1C2_W44_QVOA_1,0.5285674803995768,28,1,0.85,28,1,0.925,74.82154283144607,028,0.999993283560831