id,r2,partistic,partistic_support,partistic_tree_confidence,clade,clade_support,clade_tree_cofidence,regression,placement,placement_support
CAP287_ENV_C1C2_W55_QVOA_1,0.4623788903825541,255,1,0.30303030303030304,229,0.21929824561403508,0.7111111111111111,225.51662999369083,255,0.9955491678421311
CAP287_ENV_C1C2_W7_QVOA_1,0.4623788903825541,229,0.5,0.4,229,0.21929824561403508,0.7111111111111111,228.69235377689708,229,0.32827780331282974
CAP287_ENV_C1C2_W41_QVOA_1,0.4623788903825541,216,0.42857142857142855,0.48148148148148145,229,0.21929824561403508,0.7111111111111111,222.59581380512316,216,0.21910607207902005
CAP287_ENV_C1C2_W13_QVOA_1,0.4623788903825541,152,0.2727272727272727,0.3333333333333333,152,0.5,0.06060606060606061,233.8223691189994,152,0.28883289537839857
CAP287_ENV_C1C2_W25_QVOA_1,0.4623788903825541,112,0.16666666666666666,0.34375,137,0.25333333333333335,0.64,129.79351763199816,137,0.17298457635376144
CAP287_ENV_C1C2_W44_QVOA_1,0.4623788903825541,28,1,0.813953488372093,N/A,N/A,N/A,58.23352101209232,028,0.9999910334991774