id,r2,partistic,partistic_support,partistic_tree_confidence,partistic_mean,partistic_variance,clade,clade_support,clade_tree_cofidence,clade_mean,clade_variance,placement,placement_support,placement_mean,placement_variance,regression
CAP287_ENV_C1C2_W41_QVOA,0.6027899281170872,undefined,1,N/A,NaN,0.07692307692307693,undefined,1,N/A,NaN,0.0036231884057971015,192,0.5068548187575742,201.74185211112487,292.88794244476384,NaN
CAP287_ENV_C1C2_W7_QVOA,0.6027899281170872,undefined,1,N/A,NaN,0.25,undefined,1,N/A,NaN,0.0036231884057971015,229,0.5000000000429736,216.50000000107434,228.2499999938118,NaN
CAP287_ENV_C1C2_W55_QVOA,0.6027899281170872,undefined,1,N/A,NaN,1,undefined,1,N/A,NaN,1,255,1,255,1.0028778877352815,NaN
CAP287_ENV_C1C2_W13_QVOA,0.6027899281170872,undefined,1,N/A,NaN,0.0625,undefined,1,N/A,NaN,0.16666666666666666,152,0.5238325835916153,168.28492546995707,1231.5858538510126,NaN
CAP287_ENV_C1C2_W25_QVOA,0.6027899281170872,undefined,1,N/A,NaN,0.1111111111111111,undefined,1,N/A,NaN,0.011627906976744186,137,0.4446989578612663,160.9890050203933,1488.0263107190797,NaN
CAP287_ENV_C1C2_W44_QVOA,0.6027899281170872,undefined,1,N/A,NaN,1,undefined,1,N/A,NaN,0.5,028,1,28,1.000002484832356,NaN