id,r2,partistic,partistic_support,partistic_tree_confidence,clade,clade_support,clade_tree_cofidence,regression,placement,placement_support
CAP287_GAG_P17_W44_QVOA_1,0.40691248843945316,28,0.3333333333333333,0.8666666666666667,137,0.3125,0.17647058823529413,148.1786302489902,099,0.35795983617918936
CAP287_GAG_P17_W55_QVOA_1,0.40691248843945316,255,0.5263157894736842,0.6774193548387096,255,0.325,0.8064516129032258,227.20150655215667,255,0.9733953989933705
CAP287_GAG_P17_W7_QVOA_1,0.40691248843945316,255,1,0.6774193548387096,255,1,0.8064516129032258,189.85597780090944,255,0.9964439823032947
CAP287_GAG_P17_W13_QVOA_2,0.40691248843945316,255,1,0.6774193548387096,255,1,0.8064516129032258,172.65996983460576,255,0.3995947563518253
CAP287_GAG_P17_W25_QVOA_1,0.40691248843945316,112,1,0.45454545454545453,112,1,0.36363636363636365,118.64350206259085,112,0.8868725806956349