id,r2,partistic,partistic_support,partistic_tree_confidence,clade,clade_support,clade_tree_cofidence,regression,placement,placement_support
CAP287_ENV_C1C2_W25_QVOA_1,0.48453944036878516,152,0.2727272727272727,0.375,137,0.2714285714285714,0.7916666666666666,131.58975245066125,137,0.17294206230317488
CAP287_ENV_C1C2_W55_QVOA_1,0.48453944036878516,255,1,0.3448275862068966,229,0.2222222222222222,0.8409090909090909,228.67374672103216,255,0.9948150047777685
CAP287_ENV_C1C2_W7_QVOA_1,0.48453944036878516,229,0.5,0.36363636363636365,229,0.2222222222222222,0.8409090909090909,232.2053290299757,229,0.3283119155588038
CAP287_ENV_C1C2_W41_QVOA_1,0.48453944036878516,192,0.46153846153846156,0.2,229,0.2222222222222222,0.8409090909090909,226.029042976891,216,0.29206320251042656
CAP287_ENV_C1C2_W13_QVOA_1,0.48453944036878516,152,0.4444444444444444,0.375,229,0.2222222222222222,0.8409090909090909,236.37949999964422,152,0.3325328959907634
CAP287_ENV_C1C2_W44_QVOA_1,0.48453944036878516,28,1,0.7857142857142857,28,1,0.6190476190476191,85.12687482517718,028,0.9999943627539677