id,r2,partistic,partistic_support,partistic_tree_confidence,partistic_mean,partistic_variance,clade,clade_support,clade_tree_cofidence,clade_mean,clade_variance,placement,placement_support,placement_mean,placement_variance,regression
CAP287_GAG_P17_W25_QVOA,0.444368248812126,undefined,1,N/A,NaN,0.5,undefined,1,N/A,NaN,0.2,112,0.8333333348840976,118.66666660463608,222.22222056807365,NaN
CAP287_GAG_P17_W55_QVOA,0.444368248812126,undefined,1,N/A,NaN,0.034482758620689655,undefined,1,N/A,NaN,0.009433962264150943,255,1,255,1.030122005144556,NaN
CAP287_GAG_P17_W7_QVOA,0.444368248812126,undefined,1,N/A,NaN,1,undefined,1,N/A,NaN,0.009433962264150943,255,1,255,1.003556773528386,NaN
CAP287_GAG_P17_W13_QVOA,0.444368248812126,undefined,1,N/A,NaN,0.2,undefined,1,N/A,NaN,0.07142857142857142,255,0.5625387315908945,223.75061187554246,1646.1834841636146,NaN
CAP287_GAG_P17_W41_QVOA,0.444368248812126,undefined,1,N/A,NaN,0.2,undefined,1,N/A,NaN,0.07142857142857142,255,0.5625387315908945,223.75061187554246,1646.1834841636146,NaN
CAP287_GAG_P17_W44_QVOA,0.444368248812126,undefined,1,N/A,NaN,0.2,undefined,1,N/A,NaN,0.05263157894736842,099,0.5226620176420983,111.57861934233982,1858.3819297820685,NaN