id,r2,partistic,partistic_support,partistic_tree_confidence,partistic_mean,partistic_variance,clade,clade_support,clade_tree_cofidence,clade_mean,clade_variance,placement,placement_support,placement_mean,placement_variance,regression
CAP287_ENV_C2C3_W7_QVOA,0.8638103494489245,undefined,1,N/A,NaN,1,undefined,1,N/A,NaN,0.05263157894736842,255,1,255,1.001315061838525,NaN
CAP287_ENV_C2C3_W55_QVOA,0.8638103494489245,undefined,1,N/A,NaN,1,undefined,1,N/A,NaN,0.2,255,1,255,1.0000004611089763,NaN
CAP287_ENV_C2C3_W41_QVOA,0.8638103494489245,undefined,1,N/A,NaN,0.5,undefined,1,N/A,NaN,0.00980392156862745,229,0.6666666440477081,231.16666765003959,136.13890505666106,NaN
CAP287_ENV_C2C3_W25_QVOA,0.8638103494489245,undefined,1,N/A,NaN,0.037037037037037035,undefined,1,N/A,NaN,0.1,137,0.9735667286865276,137.3964990697021,5.790274533256661,NaN
CAP287_ENV_C2C3_W13_QVOA,0.8638103494489245,undefined,1,N/A,NaN,0.5,undefined,1,N/A,NaN,0.16666666666666666,216,0.9444444447202782,216.72222221863638,8.867283909180925,NaN
CAP287_ENV_C2C3_W44_QVOA,0.8638103494489245,undefined,1,N/A,NaN,1,undefined,1,N/A,NaN,0.00625,028,1,28,1.0000632223799613,NaN