id,r2,partistic,partistic_support,partistic_tree_confidence,clade,clade_support,clade_tree_cofidence,regression,placement,placement_support
CAP287_ENV_C4C5_W44_QVOA_1,0.8430097133356951,28,1,0.7475728155339806,152,0.1875,0.9655172413793104,42.5561405768312,028,0.5976804727924749
CAP287_ENV_C4C5_W25_QVOA_1,0.8430097133356951,112,0.5,0.6153846153846154,152,0.304635761589404,0.9655172413793104,196.9042505605469,028,0.9890577661564666
CAP287_ENV_C4C5_W13_QVOA_1,0.8430097133356951,229,1,0.39473684210526316,229,0.45161290322580644,0.5526315789473685,223.7670625530248,028,0.9979991588269983
CAP287_ENV_C4C5_W55_QVOA_1,0.8430097133356951,255,1,0.6,229,0.44,0.5526315789473685,241.49470952449173,028,0.9453732103949462
CAP287_ENV_C4C5_W41_QVOA_1,0.8430097133356951,216,0.5,0.44155844155844154,192,0.4230769230769231,0.3125,198.8036413074898,028,0.9975191781598677
CAP287_ENV_C4C5_W7_QVOA_1,0.8430097133356951,255,1,0.6,255,0.875,0.4222222222222222,251.19516941066445,028,0.8877387727931874