id,r2,partistic,partistic_support,partistic_tree_confidence,clade,clade_support,clade_tree_cofidence,regression,placement,placement_support
CAP287_ENV_C2C3_W7_QVOA_1,0.8532744014324889,255,1,0.696969696969697,255,0.8571428571428571,0.6060606060606061,257.7005812101587,255,0.9981615499158862
CAP287_ENV_C2C3_W55_QVOA_1,0.8532744014324889,255,1,0.696969696969697,255,0.8,0.6060606060606061,264.4823142083889,255,0.9999991285143874
CAP287_ENV_C2C3_W41_QVOA_1,0.8532744014324889,216,0.5,0.6818181818181818,216,0.32,0.8333333333333334,219.30722181695234,229,0.36355396077616825
CAP287_ENV_C2C3_W25_QVOA_1,0.8532744014324889,137,0.68,0.7586206896551724,137,0.8,0.7931034482758621,118.45628916585166,137,0.8444147251794045
CAP287_ENV_C2C3_W13_QVOA_1,0.8532744014324889,229,1,0.41818181818181815,216,0.75,0.8333333333333334,210.58394429100298,216,0.8350349767538562
CAP287_ENV_C2C3_W44_QVOA_1,0.8532744014324889,28,1,0.9047619047619048,216,0.2251655629139073,0.8333333333333334,56.92846962545674,028,0.9999410539373139