id,r2,partistic,partistic_support,partistic_tree_confidence,clade,clade_support,clade_tree_cofidence,regression,placement,placement_support
CAP287_ENV_C4C5_W44_QVOA_2,0.8928692533040479,28,1,0.7835051546391752,28,1,0.5979381443298969,45.135403449125846,028,0.5976836980385072
CAP287_ENV_C4C5_W25_QVOA_1,0.8928692533040479,112,0.7142857142857143,0.7391304347826086,152,0.3178294573643411,0.9876543209876543,177.86607766895864,028,0.9890685750247662