id,r2,partistic,partistic_support,partistic_tree_confidence,clade,clade_support,clade_tree_cofidence,regression,placement,placement_support
CAP287_GAG_P17_W25_QVOA_1,0.4428803407655886,112,0.5,0.26666666666666666,112,0.75,0.4,120.73481282391235,112,0.5544061404742177
CAP287_GAG_P17_W55_QVOA_1,0.4428803407655886,255,0.4666666666666667,0.5945945945945946,255,0.5,0.7297297297297297,238.8331718980664,255,0.9566266929385441
CAP287_GAG_P17_W7_QVOA_1,0.4428803407655886,255,1,0.5945945945945946,255,1,0.7297297297297297,200.55301412920267,255,0.9976070699859547
CAP287_GAG_P17_W13_QVOA_2,0.4428803407655886,152,0.2,0.17647058823529413,255,0.40540540540540543,0.7297297297297297,179.24101139972885,255,0.19978060124319263
CAP287_GAG_P17_W44_QVOA_1,0.4428803407655886,137,0.4,0.3,152,0.3157894736842105,0.35294117647058826,154.5353776623771,099,0.44559108586587926