id,r2,partistic,partistic_support,partistic_tree_confidence,clade,clade_support,clade_tree_cofidence,regression,placement,placement_support
CAP287_ENV_C4C5_W44_QVOA_1,0.8620031575608419,28,1,0.7857142857142857,152,0.19852941176470587,0.9876543209876543,40.079568999925925,028,0.5976836980385072
CAP287_ENV_C4C5_W25_QVOA_1,0.8620031575608419,112,0.7142857142857143,0.7391304347826086,152,0.30656934306569344,0.9876543209876543,184.01697861776307,028,0.9890685750247662
CAP287_ENV_C4C5_W41_QVOA_1,0.8620031575608419,192,0.6666666666666666,0.5777777777777777,192,0.5,0.35555555555555557,178.29079088539922,028,0.997526019501777
CAP287_ENV_C4C5_W7_QVOA_1,0.8620031575608419,255,1,0.7368421052631579,255,0.4246575342465753,0.7105263157894737,216.06715168092197,028,0.8880140692167285
CAP287_ENV_C4C5_W55_QVOA_1,0.8620031575608419,255,1,0.7368421052631579,255,0.4246575342465753,0.7105263157894737,230.1972408334458,028,0.9452162822526364
CAP287_ENV_C4C5_W13_QVOA_1,0.8620031575608419,229,1,0.4461538461538462,229,0.75,0.6461538461538462,221.13420989013608,028,0.9980033995518768