id,r2,partistic,partistic_support,partistic_tree_confidence,clade,clade_support,clade_tree_cofidence,regression,placement,placement_support
CAP287_GAG_P17_W44_QVOA_1,0.4179477380155101,137,0.4,0.2,152,0.3333333333333333,0.5,142.394104241631,099,0.4457904906164312
CAP287_GAG_P17_W55_QVOA_1,0.4179477380155101,255,0.4782608695652174,0.5714285714285714,255,0.4888888888888889,0.6857142857142857,231.6098005536005,255,0.9578000116941185
CAP287_GAG_P17_W7_QVOA_1,0.4179477380155101,255,1,0.5714285714285714,255,1,0.6857142857142857,190.93373388572343,255,0.997606469011186
CAP287_GAG_P17_W13_QVOA_2,0.4179477380155101,152,0.25,0.23529411764705882,255,0.3888888888888889,0.6857142857142857,168.48683593543618,255,0.20666398228735483
CAP287_GAG_P17_W25_QVOA_1,0.4179477380155101,112,0.5,0.2857142857142857,112,0.8,0.2857142857142857,127.02441296993754,112,0.5544068467236507