id,r2,partistic,partistic_support,partistic_tree_confidence,partistic_mean,partistic_variance,clade,clade_support,clade_tree_cofidence,clade_mean,clade_variance,placement,placement_support,placement_mean,placement_variance,regression
CAP287_ENV_C4C5_W44_QVOA,0.8767420306851654,undefined,1,N/A,NaN,0.3333333333333333,undefined,1,N/A,NaN,0.038461538461538464,028,1,28,1.0016113007221537,NaN
CAP287_ENV_C4C5_W13_QVOA,0.8767420306851654,undefined,1,N/A,NaN,1,undefined,1,N/A,NaN,0.03125,229,0.666315842120495,224.66210594756643,37.575297871497845,NaN
CAP287_ENV_C4C5_W55_QVOA,0.8767420306851654,undefined,1,N/A,NaN,1,undefined,1,N/A,NaN,0.012987012987012988,255,1,255,1.0011025486876257,NaN
CAP287_ENV_C4C5_W7_QVOA,0.8767420306851654,undefined,1,N/A,NaN,1,undefined,1,N/A,NaN,0.0625,255,1,255,1.0002620057577851,NaN
CAP287_ENV_C4C5_W41_QVOA,0.8767420306851654,undefined,1,N/A,NaN,0.16666666666666666,undefined,1,N/A,NaN,0.037037037037037035,192,0.6666666641577079,201.2380952866105,182.18140573079012,NaN
CAP287_ENV_C4C5_W25_QVOA,0.8767420306851654,undefined,1,N/A,NaN,0.058823529411764705,undefined,1,N/A,NaN,0.0022624434389140274,112,0.9092275470895406,110.81995811216403,13.94804568482016,NaN