id,r2,partistic,partistic_support,partistic_tree_confidence,clade,clade_support,clade_tree_cofidence,regression,placement,placement_support
CAP287_ENV_C2C3_W7_QVOA_1,0.867838985661617,255,1,0.7428571428571429,255,1,0.6,256.19073186122586,255,0.9981635170495697
CAP287_ENV_C2C3_W55_QVOA_1,0.867838985661617,255,1,0.7428571428571429,255,0.8,0.6,264.6258658435146,255,0.9999991283950962
CAP287_ENV_C2C3_W41_QVOA_1,0.867838985661617,216,0.5,0.6911764705882353,216,0.31683168316831684,0.8382352941176471,218.83513851108998,229,0.36355389340718175
CAP287_ENV_C2C3_W25_QVOA_1,0.867838985661617,137,0.6666666666666666,0.7741935483870968,137,0.6666666666666666,0.8387096774193549,128.570797790319,137,0.9742832026670623
CAP287_ENV_C2C3_W13_QVOA_1,0.867838985661617,216,0.5,0.6911764705882353,216,0.6666666666666666,0.8382352941176471,209.92360161285805,216,0.7339978595690719
CAP287_ENV_C2C3_W44_QVOA_1,0.867838985661617,28,1,0.890625,216,0.22641509433962265,0.8382352941176471,54.616251015368874,028,0.9999409835932345