id,r2,partistic,partistic_support,partistic_tree_confidence,clade,clade_support,clade_tree_cofidence,regression,placement,placement_support
CAP287_GAG_P17_W55_QVOA_1,0.4017090021121221,255,0.5882352941176471,0.6129032258064516,255,0.5714285714285714,0.7741935483870968,256.0354569379311,255,0.9733953989933705
CAP287_GAG_P17_W44_QVOA_1,0.4017090021121221,28,0.3333333333333333,0.6666666666666666,137,0.3125,0.625,128.77788522841138,099,0.35795983617918936