id,r2,partistic,partistic_support,partistic_tree_confidence,clade,clade_support,clade_tree_cofidence,regression,placement,placement_support
CAP287_ENV_C1C2_W25_QVOA_2,0.5206147453810533,112,0.36363636363636365,0.6521739130434783,137,0.3137254901960784,0.8888888888888888,122.7743901418652,137,0.17562736042246566
CAP287_ENV_C1C2_W13_QVOA_4,0.5206147453810533,152,0.6666666666666666,0.6363636363636364,229,0.2222222222222222,0.8064516129032258,219.08894893617287,152,0.33252453241363983
CAP287_ENV_C1C2_W55_QVOA_1,0.5206147453810533,255,1,0.4782608695652174,229,0.2222222222222222,0.8064516129032258,229.68323368352432,255,0.997013924525365
CAP287_ENV_C1C2_W7_QVOA_1,0.5206147453810533,192,0.6666666666666666,0.4444444444444444,229,0.2222222222222222,0.8064516129032258,231.1612604544553,192,0.6512745788799751
CAP287_ENV_C1C2_W44_QVOA_1,0.5206147453810533,28,1,0.85,28,1,0.575,75.81536816257322,028,0.9999932819652828