id,r2,partistic,partistic_support,partistic_tree_confidence,clade,clade_support,clade_tree_cofidence,regression,placement,placement_support
CAP287_ENV_C4C5_W25_QVOA_1,0.8398147123540446,112,0.4,0.5714285714285714,152,0.3032258064516129,0.967032967032967,202.5283472495818,028,0.9890621638976997
CAP287_ENV_C4C5_W13_QVOA_1,0.8398147123540446,229,1,0.4230769230769231,229,0.46875,0.5897435897435898,228.17815261207153,028,0.9979993486084168
CAP287_ENV_C4C5_W55_QVOA_1,0.8398147123540446,255,1,0.6222222222222222,229,0.45454545454545453,0.5897435897435898,246.08505145819083,028,0.945154917868649
CAP287_ENV_C4C5_W41_QVOA_1,0.8398147123540446,192,0.3333333333333333,0.2857142857142857,192,0.4230769230769231,0.2653061224489796,203.12219848682557,028,0.9975203933042482
CAP287_ENV_C4C5_W7_QVOA_1,0.8398147123540446,255,1,0.6222222222222222,255,0.875,0.4222222222222222,255.86075644051112,028,0.8875564121766785
CAP287_ENV_C4C5_W44_QVOA_1,0.8398147123540446,28,1,0.7115384615384616,152,0.18958333333333333,0.967032967032967,41.754544981936945,028,0.5976797289525269