id,r2,partistic,partistic_support,partistic_tree_confidence,clade,clade_support,clade_tree_cofidence,regression,placement,placement_support
CAP287_ENV_C2C3_W7_QVOA_1,0.8599906979425787,255,1,0.7096774193548387,255,0.5555555555555556,0.4838709677419355,256.7206532330694,255,0.9983915002980834
CAP287_ENV_C2C3_W55_QVOA_1,0.8599906979425787,255,1,0.7096774193548387,255,0.8,0.4838709677419355,263.5156612245656,255,0.9999991285111332
CAP287_ENV_C2C3_W41_QVOA_1,0.8599906979425787,216,0.5,0.7538461538461538,216,0.3229166666666667,0.8769230769230769,217.8841441434612,229,0.363553957913093
CAP287_ENV_C2C3_W25_QVOA_1,0.8599906979425787,137,0.6896551724137931,0.8214285714285714,137,0.8,0.7857142857142857,118.91457652748231,137,0.9990582678805835
CAP287_ENV_C2C3_W13_QVOA_1,0.8599906979425787,216,1,0.7538461538461538,216,1,0.8769230769230769,209.1832192763014,216,0.9906233069709361
CAP287_ENV_C2C3_W44_QVOA_1,0.8599906979425787,28,1,0.9032258064516129,216,0.24113475177304963,0.8769230769230769,55.439257972774094,028,0.9999410384022365