id,r2,partistic,partistic_support,partistic_tree_confidence,clade,clade_support,clade_tree_cofidence,regression,placement,placement_support
CAP336_ENV_C1C2_W12_QVOA_1,0.23907480917685797,138,0.5454545454545454,0.45964912280701753,126,1,0.8372781065088757,118.68105453583419,138,0.2930604388042359
CAP336_ENV_C1C2_W35_QVOA_1,0.23907480917685797,126,1,0.6460176991150443,126,0.5,0.8372781065088757,115.70922284058119,126,0.8853579720541896
CAP336_ENV_C1C2_B_W39_QVOA_1,0.23907480917685797,73,1,0.32142857142857145,126,0.27522935779816515,0.8372781065088757,84.71081899085485,126,0.2658797390397636
CAP336_ENV_C1C2_W11_QVOA_1,0.23907480917685797,51,0.5,0.375,73,0.45454545454545453,0.25,107.31816864221977,073,0.332687612333082
CAP336_ENV_C1C2_B_W13_QVOA_1,0.23907480917685797,126,0.4,0.6460176991150443,138,0.45454545454545453,0.4507042253521127,135.13045312227254,100,0.2795381468019964
CAP336_ENV_C1C2_W14_QVOA_9,0.23907480917685797,138,1,0.45964912280701753,138,0.9615384615384616,0.4507042253521127,133.82780962776886,138,0.9982647927974961
CAP336_ENV_C1C2_B_W37_QVOA_1,0.23907480917685797,126,0.5,0.6460176991150443,126,0.4424083769633508,0.8372781065088757,122.21680116377279,138,0.5772851875584212
CAP336_ENV_C1C2_B_W23_QVOA_1,0.23907480917685797,126,0.5555555555555556,0.6460176991150443,138,0.56,0.4507042253521127,131.68493288356365,138,0.3205699595754034
CAP336_ENV_C1C2_B_W40_QVOA_1,0.23907480917685797,126,0.5232558139534884,0.6460176991150443,126,0.4424083769633508,0.8372781065088757,136.95189835484697,126,0.424604042377646