id,r2,partistic,partistic_support,partistic_tree_confidence,clade,clade_support,clade_tree_cofidence,regression,placement,placement_support
CAP336_ENV_C4C5_B_W39_QVOA_1,0.4024272401198564,126,0.5,0.16279069767441862,126,0.6,0.22868217054263565,149.07184471671542,138,0.44286355962845825
CAP336_ENV_C4C5_W35_QVOA_1,0.4024272401198564,138,0.5952380952380952,0.7644584647739222,138,0.7357142857142858,0.9390115667718192,109.0425983069548,138,0.5441083432182632
CAP336_ENV_C4C5_B_W23_QVOA_1,0.4024272401198564,138,0.6949152542372882,0.7644584647739222,138,0.7357142857142858,0.9390115667718192,113.83086853507459,138,0.5441083432182632
CAP336_ENV_C4C5_W28_QVOA_3,0.4024272401198564,138,1,0.7644584647739222,138,0.7357142857142858,0.9390115667718192,120.37685821402312,138,0.9878605423383723
CAP336_ENV_C4C5_B_W40_QVOA_1,0.4024272401198564,138,0.8333333333333334,0.7644584647739222,138,0.7357142857142858,0.9390115667718192,118.17754422136052,138,0.8880724416024318
CAP336_ENV_C4C5_W5_QVOA_5,0.4024272401198564,100,0.3333333333333333,0.6081081081081081,138,0.8421052631578947,0.9390115667718192,121.6843244065115,138,0.6538705108068473
CAP336_ENV_C4C5_B_W13_QVOA_1,0.4024272401198564,138,0.5,0.7644584647739222,138,0.8367346938775511,0.9390115667718192,128.42946456511055,138,0.6889867670007772
CAP336_ENV_C4C5_W12_QVOA_1,0.4024272401198564,100,0.4,0.6081081081081081,100,0.45652173913043476,0.44545454545454544,120.82711147236347,100,0.22868440438994708
CAP336_ENV_C4C5_B_W31_QVOA_1,0.4024272401198564,138,0.9285714285714286,0.7644584647739222,138,0.92,0.9390115667718192,113.92611441664658,138,0.8958700056041875
CAP336_ENV_C4C5_B_W37_QVOA_1,0.4024272401198564,126,0.5,0.16279069767441862,138,0.92,0.9390115667718192,111.39776919673523,138,0.8958700056041875
CAP336_ENV_C4C5_W11_QVOA_1,0.4024272401198564,73,1,0.2923076923076923,73,0.8,0.4426229508196721,72.67598897946289,073,0.9968581631333229