id,r2,partistic,partistic_support,partistic_tree_confidence,clade,clade_support,clade_tree_cofidence,regression,placement,placement_support
CAP336_ENV_C1C2_W11_QVOA_2,0.2523056219595109,73,0.6,0.4782608695652174,126,0.46730462519936206,0.8976897689768977,138.66536128827772,051,0.3740931848920071
CAP336_ENV_C1C2_B_W23_QVOA_2,0.2523056219595109,126,0.625,0.759075907590759,126,0.46730462519936206,0.8976897689768977,115.8956417781483,138,0.3320212560600479
CAP336_ENV_C1C2_W12_QVOA_1,0.2523056219595109,138,0.6666666666666666,0.5261044176706827,126,0.5384615384615384,0.8976897689768977,172.08126620800218,138,0.6465142036112788
CAP336_ENV_C1C2_B_W37_QVOA_2,0.2523056219595109,138,0.9333333333333333,0.5261044176706827,138,0.9565217391304348,0.5220883534136547,133.7165744177317,138,0.830298437884538
CAP336_ENV_C1C2_B_W40_QVOA_1,0.2523056219595109,126,0.5348837209302325,0.759075907590759,138,0.5138888888888888,0.5220883534136547,111.79483980643748,138,0.33415995090517775
CAP336_ENV_C1C2_B_W13_QVOA_2,0.2523056219595109,138,0.5714285714285714,0.5261044176706827,138,0.5,0.5220883534136547,105.24945636855333,138,0.2796280491056235