id,r2,partistic,partistic_support,partistic_tree_confidence,clade,clade_support,clade_tree_cofidence,regression,placement,placement_support
CAP336_ENV_C2C3_W12_QVOA_1,0.5491586057374975,126,0.8571428571428571,0.7941176470588235,126,1,0.8431372549019608,107.85516397610473,126,0.98188865694714
CAP336_ENV_C2C3_B_W13_QVOA_3,0.5491586057374975,126,0.7692307692307693,0.7941176470588235,126,0.6162790697674418,0.8431372549019608,107.43891123342067,126,0.998205265089085
CAP336_ENV_C2C3_B_W37_QVOA_2,0.5491586057374975,126,0.7647058823529411,0.7941176470588235,126,1,0.8431372549019608,110.43837952629127,126,0.9904527160907868
CAP336_ENV_C2C3_B_W31_QVOA_1,0.5491586057374975,126,0.6071428571428571,0.7941176470588235,,,N/A,123.36670000494988,126,0.9929171763628648
CAP336_ENV_C2C3_W39_QVOA_6,0.5491586057374975,126,1,0.7941176470588235,,,N/A,114.8702469631042,126,0.9969870751429559
CAP336_ENV_C2C3_B_W40_QVOA_1,0.5491586057374975,126,0.8888888888888888,0.7941176470588235,126,1,0.8431372549019608,116.3516170179505,126,0.9924025022813947
CAP336_ENV_C2C3_B_W23_QVOA_1,0.5491586057374975,126,1,0.7941176470588235,126,1,0.8431372549019608,131.1163466555094,126,0.9979676147410902
CAP336_ENV_C2C3_W11_QVOA_1,0.5491586057374975,100,0.6,0.9166666666666666,100,0.5675675675675675,0.8472222222222222,89.82162603570308,100,0.5101361401035692