id,r2,partistic,partistic_support,partistic_tree_confidence,clade,clade_support,clade_tree_cofidence,regression,placement,placement_support
CAP336_GAG_P17_W35_QVOA_1,0.7082346197384247,100,0.7647058823529411,0.9281437125748503,100,0.6666666666666666,0.7544910179640718,112.05172075013336,100,0.48340151962821976
CAP336_GAG_P17_B_W31_QVOA_1,0.7082346197384247,126,1,0.8604651162790697,126,1,0.9011627906976745,126.39162565811117,126,0.910135542309405
CAP336_GAG_P17_B_W37_QVOA_1,0.7082346197384247,126,1,0.8604651162790697,126,1,0.9011627906976745,132.78644811707423,126,0.9213941352054265
CAP336_GAG_P17_B_W32_QVOA_5,0.7082346197384247,126,1,0.8604651162790697,126,1,0.9011627906976745,119.7787978880471,126,0.6769062897995874
CAP336_GAG_P17_B_W23_QVOA_1,0.7082346197384247,126,0.7142857142857143,0.8604651162790697,126,1,0.9011627906976745,132.03554093439297,138,0.2662196754578434
CAP336_GAG_P17_B_W40_QVOA_1,0.7082346197384247,126,0.5,0.8604651162790697,126,0.6818181818181818,0.9011627906976745,135.01494685277348,126,0.6642322548585868
CAP336_GAG_P17_B_W13_QVOA_1,0.7082346197384247,126,0.5454545454545454,0.8604651162790697,138,0.6,0.40625,130.8486231295097,138,0.2821193723301306
CAP336_GAG_P17_W11_QVOA_1,0.7082346197384247,73,0.5,0,100,0.5714285714285714,0.7544910179640718,101.82969394073027,100,0.46592933786636626