id,r2,partistic,partistic_support,partistic_tree_confidence,clade,clade_support,clade_tree_cofidence,regression,placement,placement_support
CAP336_ENV_C2C3_W12_QVOA_1,0.6279171102603643,126,0.9,0.7641509433962265,126,1,0.8962264150943396,112.29621125154043,126,0.9789883868819695
CAP336_ENV_C2C3_B_W40_QVOA_1,0.6279171102603643,126,1,0.7641509433962265,126,1,0.8962264150943396,116.67293168521738,126,0.988398502050721
CAP336_ENV_C2C3_B_W31_QVOA_1,0.6279171102603643,126,0.5833333333333334,0.7641509433962265,,,N/A,126.491374524766,126,0.9898893169894702
CAP336_ENV_C2C3_W39_QVOA_6,0.6279171102603643,126,1,0.7641509433962265,,,N/A,116.36656125485999,126,0.9952960311594032
CAP336_ENV_C2C3_B_W13_QVOA_1,0.6279171102603643,126,1,0.7641509433962265,126,1,0.8962264150943396,109.04284906250723,126,0.9982054410419106
CAP336_ENV_C2C3_B_W37_QVOA_1,0.6279171102603643,126,1,0.7641509433962265,126,1,0.8962264150943396,112.61717075001008,126,0.9889965033215375
CAP336_ENV_C2C3_W14_QVOA_3,0.6279171102603643,126,1,0.7641509433962265,126,1,0.8962264150943396,124.72609728318295,126,0.9909739792884754
CAP336_ENV_C2C3_B_W23_QVOA_1,0.6279171102603643,126,1,0.7641509433962265,126,1,0.8962264150943396,129.05905051252313,126,0.9897761053830615
CAP336_ENV_C2C3_B_W39_QVOA_1,0.6279171102603643,126,1,0.7641509433962265,126,1,0.8962264150943396,97.64878686683494,126,0.9982772546397933
CAP336_ENV_C2C3_W11_QVOA_1,0.6279171102603643,100,0.6,0.9305555555555556,100,0.5575221238938053,0.8888888888888888,91.3900766466769,100,0.47297192369143026