id,r2,partistic,partistic_support,partistic_tree_confidence,clade,clade_support,clade_tree_cofidence,regression,placement,placement_support
CAP336_ENV_C1C2_B_W39_QVOA_1,0.20960211946782337,126,0.6666666666666666,0.7368421052631579,126,0.4681528662420382,0.753968253968254,92.44368756136043,126,0.23771113521020468
CAP336_ENV_C1C2_W11_QVOA_1,0.20960211946782337,51,0.75,0.4444444444444444,126,0.4681528662420382,0.753968253968254,103.5138402586119,051,0.3740931848920071
CAP336_ENV_C1C2_B_W13_QVOA_1,0.20960211946782337,100,1,0.29508196721311475,126,0.4681528662420382,0.753968253968254,132.01480232847038,138,0.2796280491056235
CAP336_ENV_C1C2_W14_QVOA_9,0.20960211946782337,138,1,0.552,N/A,N/A,N/A,129.8472993400798,138,0.9988548576309741
CAP336_ENV_C1C2_B_W37_QVOA_1,0.20960211946782337,138,0.6666666666666666,0.552,N/A,N/A,N/A,117.88631426278302,138,0.830298437884538
CAP336_ENV_C1C2_B_W40_QVOA_1,0.20960211946782337,126,0.5217391304347826,0.7368421052631579,N/A,N/A,N/A,132.01480232847038,138,0.33415995090517775
CAP336_ENV_C1C2_B_W23_QVOA_1,0.20960211946782337,138,0.5555555555555556,0.552,N/A,N/A,N/A,129.1266897078138,138,0.3320212560600479
CAP336_ENV_C1C2_W35_QVOA_1,0.20960211946782337,126,1,0.7368421052631579,138,0.5192307692307693,0.6108374384236454,126.07970252256314,126,0.7923066692805514
CAP336_ENV_C1C2_W12_QVOA_1,0.20960211946782337,138,0.6,0.552,126,1,0.753968253968254,117.35862374466697,138,0.6465142036112788