id,r2,partistic,partistic_support,partistic_tree_confidence,clade,clade_support,clade_tree_cofidence,regression,placement,placement_support
CAP336_ENV_C1C2_W11_QVOA_1,0.2192945336431168,73,0.6666666666666666,0.3,126,0.4466145833333333,0.9300291545189504,129.18396087726506,051,0.24939738102876866
CAP336_ENV_C1C2_B_W13_QVOA_1,0.2192945336431168,100,0.3333333333333333,0.1780821917808219,138,0.5,0.30927835051546393,115.64895034861239,138,0.3275413936898278
CAP336_ENV_C1C2_B_W37_QVOA_1,0.2192945336431168,126,0.5,0.6326530612244898,126,0.4466145833333333,0.9300291545189504,126.71904417624083,138,0.6960340532017123
CAP336_ENV_C1C2_W14_QVOA_9,0.2192945336431168,138,1,0.46735395189003437,126,0.4466145833333333,0.9300291545189504,119.84267823742128,138,0.9986994642143621
CAP336_ENV_C1C2_B_W40_QVOA_1,0.2192945336431168,126,0.4827586206896552,0.6326530612244898,126,0.4466145833333333,0.9300291545189504,115.34828753334548,126,0.4081708412855105
CAP336_ENV_C1C2_W35_QVOA_1,0.2192945336431168,126,1,0.6326530612244898,126,0.5517241379310345,0.9300291545189504,141.7651445436918,126,0.7931218426007492
CAP336_ENV_C1C2_W12_QVOA_1,0.2192945336431168,138,0.5384615384615384,0.46735395189003437,126,1,0.9300291545189504,145.04651630341493,100,0.259403454671474
CAP336_ENV_C1C2_B_W23_QVOA_1,0.2192945336431168,126,0.5,0.6326530612244898,126,0.4466145833333333,0.9300291545189504,116.98378957156454,138,0.30672817607247516
CAP336_ENV_C1C2_B_W39_QVOA_1,0.2192945336431168,126,0.3076923076923077,0.6326530612244898,126,0.38461538461538464,0.9300291545189504,99.73974034767973,073,0.17037543433815786