id,r2,partistic,partistic_support,partistic_tree_confidence,clade,clade_support,clade_tree_cofidence,regression,placement,placement_support
CAP336_ENV_C4C5_W12_QVOA_3,0.31087803092854216,100,0.5652173913043478,0.7638190954773869,100,0.5,0.7878787878787878,113.74260280908655,100,0.4525678845150305
CAP336_ENV_C4C5_B_W13_QVOA_1,0.31087803092854216,138,0.8125,0.8696132596685083,138,0.8636363636363636,0.9524861878453039,125.74030083570969,138,0.8337378273438214