id,r2,partistic,partistic_support,partistic_tree_confidence,clade,clade_support,clade_tree_cofidence,regression,placement,placement_support
CAP336_NEF_1_B_W40_QVOA_1,0.27311270044368297,138,0.6153846153846154,0.7934065934065934,100,0.75,0.4222222222222222,117.23253401237045,100,0.7920879259916407
CAP336_NEF_1_W11_QVOA_1,0.27311270044368297,100,0.5,0.6703296703296703,51,1,0.30434782608695654,109.13417514274317,051,0.4670846879823596
CAP336_NEF_1_W35_QVOA_1,0.27311270044368297,126,1,0.5697211155378487,126,1,0.5258964143426295,116.12522654236348,126,0.9380167213461166
CAP336_NEF_1_W12_QVOA_1,0.27311270044368297,100,1,0.6703296703296703,126,0.8571428571428571,0.5258964143426295,112.95344751810622,100,0.9969510588111627
CAP336_NEF_1_B_W13_QVOA_1,0.27311270044368297,138,1,0.7934065934065934,138,1,0.9164835164835164,128.2727648468044,138,0.9955115028595387
CAP336_NEF_1_B_W31_QVOA_1,0.27311270044368297,138,1,0.7934065934065934,138,1,0.9164835164835164,131.33193633173892,138,0.9968122550303227
CAP336_NEF_1_B_W21_QVOA_5,0.27311270044368297,138,1,0.7934065934065934,138,0.8514851485148515,0.9164835164835164,128.544899733501,138,0.9581392574608336
CAP336_NEF_1_B_W37_QVOA_1,0.27311270044368297,138,0.8181818181818182,0.7934065934065934,138,0.9310344827586207,0.9164835164835164,145.06536414830845,138,0.993422478129396