id,r2,partistic,partistic_support,partistic_tree_confidence,clade,clade_support,clade_tree_cofidence,regression,placement,placement_support
CAP336_ENV_C1C2_W12_QVOA_1,0.22420393454222187,138,0.6,0.5436507936507936,126,1,0.9177631578947368,119.07824666425645,138,0.502911479892998
CAP336_ENV_C1C2_W35_QVOA_1,0.22420393454222187,126,1,0.740983606557377,126,0.5263157894736842,0.9177631578947368,114.52790377302179,126,0.905148511848222
CAP336_ENV_C1C2_B_W23_QVOA_1,0.22420393454222187,126,0.5,0.740983606557377,126,0.40401785714285715,0.9177631578947368,134.74217918177746,138,0.5180643372717125
CAP336_ENV_C1C2_W14_QVOA_9,0.22420393454222187,138,1,0.5436507936507936,138,0.9615384615384616,0.5059760956175299,136.97801048712475,138,0.9990933383648466
CAP336_ENV_C1C2_B_W37_QVOA_1,0.22420393454222187,126,1,0.740983606557377,138,0.9230769230769231,0.5059760956175299,123.84496032697632,138,0.6898245914060344
CAP336_ENV_C1C2_W11_QVOA_1,0.22420393454222187,51,0.5,0.47368421052631576,126,0.48265895953757226,0.9177631578947368,100.68673108801269,051,0.3070662006142087
CAP336_ENV_C1C2_B_W39_QVOA_1,0.22420393454222187,51,0.5,0.47368421052631576,126,0.48265895953757226,0.9177631578947368,93.15309422630006,022,0.17214824090043288
CAP336_ENV_C1C2_B_W13_QVOA_1,0.22420393454222187,100,1,0.2857142857142857,138,0.42857142857142855,0.5059760956175299,138.87289391013167,138,0.2444934511489842
CAP336_ENV_C1C2_B_W40_QVOA_1,0.22420393454222187,126,0.48333333333333334,0.740983606557377,126,0.44903988183161003,0.9177631578947368,140.52517980147337,126,0.4488501313159401