id,r2,partistic,partistic_support,partistic_tree_confidence,clade,clade_support,clade_tree_cofidence,regression,placement,placement_support
CAP288_ENV_C2C3_W43_QVOA_1,0.8556509671029495,,,N/A,174,0.6666666666666666,0.3333333333333333,168.35087547833808,174,0.4991046490867941
CAP288_ENV_C2C3_B_W3_QVOA_1,0.8556509671029495,184,0.6153846153846154,0.4918032786885246,184,0.6376811594202898,0.9016393442622951,186.1307242335625,184,0.9878479150355636
CAP288_ENV_C2C3_W7_QVOA_1,0.8556509671029495,,,N/A,184,0.6376811594202898,0.9016393442622951,163.7794496656144,174,0.4279729254688172
CAP288_ENV_C2C3_W11_QVOA_1,0.8556509671029495,184,0.5333333333333333,0.4918032786885246,184,1,0.9016393442622951,187.53587561042428,184,0.9932103712052833
CAP288_ENV_C2C3_W20_QVOA_1,0.8556509671029495,184,1,0.4918032786885246,184,1,0.9016393442622951,173.5593032485724,184,0.5613854115830665
CAP288_ENV_C2C3_W37_QVOA_1,0.8556509671029495,,,N/A,184,1,0.9016393442622951,175.33916165926402,184,0.9999696670194355
CAP288_ENV_C2C3_B_W44_QVOA_1,0.8556509671029495,174,0.6363636363636364,0.5555555555555556,184,0.6376811594202898,0.9016393442622951,164.64127584342296,174,0.5994343057129008