id,r2,partistic,partistic_support,partistic_tree_confidence,clade,clade_support,clade_tree_cofidence,regression,placement,placement_support
CAP288_ENV_C2C3_W43_QVOA_1,0.8535035935008236,174,0.5,0.4489795918367347,174,0.5,0.32653061224489793,168.27342736824986,174,0.4160345263431756
CAP288_ENV_C2C3_B_W3_QVOA_1,0.8535035935008236,184,0.7272727272727273,0.3939393939393939,184,0.631578947368421,0.8939393939393939,185.19877870310881,184,0.9871292828860576
CAP288_ENV_C2C3_W7_QVOA_1,0.8535035935008236,174,0.5,0.4489795918367347,184,0.631578947368421,0.8939393939393939,163.67455684964676,174,0.46999111296382134
CAP288_ENV_C2C3_W11_QVOA_1,0.8535035935008236,174,0.5625,0.4489795918367347,184,0.5789473684210527,0.8939393939393939,190.4007797815287,184,0.991986985559645
CAP288_ENV_C2C3_W20_QVOA_1,0.8535035935008236,184,0.6666666666666666,0.3939393939393939,184,1,0.8939393939393939,176.34029860579957,184,0.46165384747504934
CAP288_ENV_C2C3_W37_QVOA_1,0.8535035935008236,184,1,0.3939393939393939,184,1,0.8939393939393939,175.28482012612017,184,0.9999695661474997
CAP288_ENV_C2C3_B_W44_QVOA_1,0.8535035935008236,174,0.5925925925925926,0.4489795918367347,184,0.631578947368421,0.8939393939393939,164.5227091993891,174,0.595281107425101