id,r2,partistic,partistic_support,partistic_tree_confidence,clade,clade_support,clade_tree_cofidence,regression,placement,placement_support
CAP288_ENV_C2C3_W11_QVOA_1,0.856720919512089,174,0.5,0.6,184,0.5882352941176471,0.9344262295081968,188.89825594428333,184,0.9932060801158913
CAP288_ENV_C2C3_W20_QVOA_1,0.856720919512089,184,1,0.4426229508196721,184,1,0.9344262295081968,175.00598797472887,184,0.5613695820893946
CAP288_ENV_C2C3_B_W3_QVOA_1,0.856720919512089,184,0.8181818181818182,0.4426229508196721,184,0.9166666666666666,0.9344262295081968,184.66530986496943,184,0.9878478159788279
CAP288_ENV_C2C3_B_W44_QVOA_1,0.856720919512089,174,0.6190476190476191,0.6,184,0.6376811594202898,0.9344262295081968,165.17884002848027,174,0.5994472319804474