id,r2,partistic,partistic_support,partistic_tree_confidence,partistic_mean,partistic_variance,clade,clade_support,clade_tree_cofidence,clade_mean,clade_variance,placement,placement_support,placement_mean,placement_variance,regression
CAP288_ENV_C1C2_B_W44_QVOA,0.7227692962389455,undefined,1,N/A,NaN,1,undefined,1,N/A,NaN,0.05,174,0.6662877488818708,177.3371225111813,22.234838457179986,NaN
CAP288_ENV_C1C2_W7_QVOA,0.7227692962389455,undefined,1,N/A,NaN,0.05263157894736842,undefined,1,N/A,NaN,0.027777777777777776,184,0.72818255918092,181.2818255918092,19.79327196856459,NaN
CAP288_ENV_C1C2_W43_QVOA,0.7227692962389455,undefined,1,N/A,NaN,0.5,undefined,1,N/A,NaN,0.027777777777777776,184,0.7283910230830335,181.28391023083032,19.783754057508524,NaN
CAP288_ENV_C1C2_W11_QVOA,0.7227692962389455,undefined,1,N/A,NaN,0.02857142857142857,undefined,1,N/A,NaN,0.08333333333333333,184,0.7283910230830335,181.28391023083032,19.783754057508524,NaN
CAP288_ENV_C1C2_B_W3_QVOA,0.7227692962389455,undefined,1,N/A,NaN,0.125,undefined,1,N/A,NaN,0.027777777777777776,184,0.72818255918092,181.2818255918092,19.79327196856459,NaN
CAP288_ENV_C1C2_W20_QVOA,0.7227692962389455,undefined,1,N/A,NaN,0.019230769230769232,undefined,1,N/A,NaN,0.027777777777777776,184,0.72818255918092,181.2818255918092,19.79327196856459,NaN
CAP288_ENV_C1C2_W37_QVOA,0.7227692962389455,undefined,1,N/A,NaN,0.06666666666666667,undefined,1,N/A,NaN,0.027777777777777776,184,0.72818255918092,181.2818255918092,19.79327196856459,NaN