id,r2,partistic,partistic_support,partistic_tree_confidence,clade,clade_support,clade_tree_cofidence,regression,placement,placement_support
CAP288_ENV_C4C5_W11_QVOA_1,0.07424696382588403,184,0.29411764705882354,0.5853658536585366,,,N/A,195.38647937563184,184,0.6747331725550895
CAP288_ENV_C4C5_W20_QVOA_1,0.07424696382588403,184,0.31097560975609756,0.5853658536585366,,,N/A,200.32270819141183,184,0.6747331725550895
CAP288_ENV_C4C5_W7_QVOA_2,0.07424696382588403,134,0.5,0.6052631578947368,184,0.354978354978355,0.8170731707317073,152.91083239496902,174,0.6408233685504376
CAP288_ENV_C4C5_B_W3_QVOA_1,0.07424696382588403,184,1,0.5853658536585366,184,1,0.8170731707317073,176.33985989620763,184,0.9390393023955868
CAP288_ENV_C4C5_W37_QVOA_1,0.07424696382588403,184,1,0.5853658536585366,184,0.35,0.8170731707317073,152.81451573514892,184,0.6594531575626453