id,r2,partistic,partistic_support,partistic_tree_confidence,clade,clade_support,clade_tree_cofidence,regression,placement,placement_support
CAP288_NEF_1_B_W3_QVOA_1,0.6794729873986409,184,0.75,0.7222222222222222,184,1,0.9259259259259259,180.2665422521108,184,0.5773245919003263
CAP288_NEF_1_W20_QVOA_1,0.6794729873986409,174,0.5,0.3333333333333333,184,0.6666666666666666,0.9259259259259259,204.57679540251647,174,0.929079473829829
CAP288_NEF_1_W7_QVOA_1,0.6794729873986409,174,1,0.3333333333333333,174,0.5,0.19047619047619047,217.85333874552694,174,0.6666648247280529
CAP288_NEF_1_W11_QVOA_1,0.6794729873986409,184,0.8333333333333334,0.7222222222222222,184,0.6666666666666666,0.9259259259259259,222.46790429581603,184,0.5902882322110605
CAP288_NEF_1_W43_QVOA_1,0.6794729873986409,184,1,0.7222222222222222,184,1,0.9259259259259259,211.45997418423258,184,0.9839036725536685
CAP288_NEF_1_W37_QVOA_1,0.6794729873986409,184,1,0.7222222222222222,174,0.5,0.19047619047619047,134.55914157801837,184,0.7987876604701073
CAP288_NEF_1_B_W44_QVOA_1,0.6794729873986409,174,0.5,0.3333333333333333,184,0.5833333333333334,0.9259259259259259,143.58203511210317,134,0.1426004859285027