id,r2,partistic,partistic_support,partistic_tree_confidence,clade,clade_support,clade_tree_cofidence,regression,placement,placement_support
CAP288_GAG_P17_B_W44_QVOA_1,0.4932923801702448,184,1,0.6428571428571429,184,0.7777777777777778,0.9047619047619048,175.39178287064328,184,0.6605927402221636
CAP288_GAG_P17_W7_QVOA_1,0.4932923801702448,184,0.8888888888888888,0.6428571428571429,184,0.7777777777777778,0.9047619047619048,173.0265771663053,184,0.3317107608258791
CAP288_GAG_P17_W43_QVOA_1,0.4932923801702448,184,1,0.6428571428571429,184,0.6739130434782609,0.9047619047619048,137.34503304602373,184,0.6404783305666322
CAP288_GAG_P17_W20_QVOA_1,0.4932923801702448,184,0.6363636363636364,0.6428571428571429,184,1,0.9047619047619048,163.387728113143,184,0.4188117017915153
CAP288_GAG_P17_B_W3_QVOA_1,0.4932923801702448,184,0.75,0.6428571428571429,184,0.6470588235294118,0.9047619047619048,161.91265358785694,184,0.3317136530004113
CAP288_GAG_P17_W11_QVOA_1,0.4932923801702448,184,0.6363636363636364,0.6428571428571429,184,0.6470588235294118,0.9047619047619048,177.57896233917086,184,0.31434611028470405
CAP288_GAG_P17_W37_QVOA_1,0.4932923801702448,134,0.5945945945945946,0.7605633802816901,184,0.5223880597014925,0.9047619047619048,135.15785357749613,134,0.5185031511183561