id,r2,partistic,partistic_support,partistic_tree_confidence,partistic_mean,partistic_variance,clade,clade_support,clade_tree_cofidence,clade_mean,clade_variance,placement,placement_support,placement_mean,placement_variance,regression
CAP288_NEF_1_W37_QVOA,0.7082640939083638,undefined,1,N/A,NaN,1,undefined,1,N/A,NaN,0.010752688172043012,184,0.6666666662891253,180.66666666289126,22.22222223480693,NaN
CAP288_NEF_1_B_W44_QVOA,0.7082640939083638,undefined,1,N/A,NaN,0.2,undefined,1,N/A,NaN,0.09090909090909091,184,0.6667036418100017,167.3351820905001,555.5247395182066,NaN
CAP288_NEF_1_B_W3_QVOA,0.7082640939083638,undefined,1,N/A,NaN,0.5,undefined,1,N/A,NaN,0.25,184,0.5784813264581171,179.78481326458115,24.384068139737444,NaN
CAP288_NEF_1_W7_QVOA,0.7082640939083638,undefined,1,N/A,NaN,1,undefined,1,N/A,NaN,0.5,174,1,174,1.0000000528902142,NaN
CAP288_NEF_1_W11_QVOA,0.7082640939083638,undefined,1,N/A,NaN,0.030303030303030304,undefined,1,N/A,NaN,0.07692307692307693,184,0.6310787171658382,180.31078717165838,23.28183699061582,NaN
CAP288_NEF_1_W43_QVOA,0.7082640939083638,undefined,1,N/A,NaN,0.14285714285714285,,,N/A,0,Infinity,184,1,184,1.0080035619355547,NaN
CAP288_NEF_1_W20_QVOA,0.7082640939083638,undefined,1,N/A,NaN,0.125,,,N/A,0,Infinity,174,0.9895611564335471,174.1043884356645,1.0338414298702074,NaN