id,r2,partistic,partistic_support,partistic_tree_confidence,clade,clade_support,clade_tree_cofidence,regression,placement,placement_support
CAP288_ENV_C4C5_W11_QVOA_1,0.07071821365691644,184,0.3006993006993007,0.5487804878048781,,,N/A,197.46244257562384,184,0.6746749321032011
CAP288_ENV_C4C5_W20_QVOA_1,0.07071821365691644,184,0.31097560975609756,0.5487804878048781,,,N/A,202.04615351195469,184,0.6746749321032011
CAP288_ENV_C4C5_W7_QVOA_1,0.07071821365691644,174,1,0.4339622641509434,184,0.35344827586206895,0.8414634146341463,158.08017252603705,174,0.6408102124441377
CAP288_ENV_C4C5_W43_QVOA_1,0.07071821365691644,174,0.375,0.4339622641509434,184,0.39622641509433965,0.8414634146341463,117.66822828060783,174,0.2958126018975487
CAP288_ENV_C4C5_W37_QVOA_1,0.07071821365691644,184,1,0.5487804878048781,184,0.38461538461538464,0.8414634146341463,139.28031462775243,184,0.6594535176166194
CAP288_ENV_C4C5_B_W44_QVOA_1,0.07071821365691644,174,0.4,0.4339622641509434,174,0.75,0.3018867924528302,147.76128703651924,184,0.6645323543553658
CAP288_ENV_C4C5_B_W3_QVOA_1,0.07071821365691644,184,1,0.5487804878048781,184,1,0.8414634146341463,159.72986559249432,184,0.9390839221097528