id,r2,partistic,partistic_support,partistic_tree_confidence,clade,clade_support,clade_tree_cofidence,regression,placement,placement_support
CAP288_NEF_1_W37_QVOA_1,0.691727041514735,184,1,0.7222222222222222,184,0.5294117647058824,0.9629629629629629,129.87300502337413,184,0.7987878736390162
CAP288_NEF_1_B_W44_QVOA_1,0.691727041514735,174,0.6,0.3333333333333333,184,0.5833333333333334,0.9629629629629629,146.00111432515405,184,0.1426004176796441
CAP288_NEF_1_B_W3_QVOA_1,0.691727041514735,184,0.75,0.7222222222222222,184,1,0.9629629629629629,179.66323719350717,184,0.5773180454146656
CAP288_NEF_1_W20_QVOA_1,0.691727041514735,174,0.5,0.3333333333333333,184,0.6666666666666666,0.9629629629629629,204.75730199528977,174,0.929082109726716
CAP288_NEF_1_W7_QVOA_1,0.691727041514735,174,1,0.3333333333333333,174,0.5,0.14285714285714285,218.36539421866658,174,0.6666648674391062
CAP288_NEF_1_W11_QVOA_1,0.691727041514735,184,0.8333333333333334,0.7222222222222222,184,0.6666666666666666,0.9629629629629629,223.1136369242893,184,0.5903000750210741
CAP288_NEF_1_W43_QVOA_1,0.691727041514735,184,1,0.7222222222222222,184,1,0.9629629629629629,211.78682331925634,184,0.983904235409335