id,r2,partistic,partistic_support,partistic_tree_confidence,clade,clade_support,clade_tree_cofidence,regression,placement,placement_support
CAP288_ENV_C4C5_W37_QVOA_1,0.09097348330669208,184,0.6666666666666666,0.5,184,0.37398373983739835,0.8247422680412371,165.4660942758545,174,0.329216754550227
CAP288_ENV_C4C5_B_W44_QVOA_1,0.09097348330669208,174,0.42857142857142855,0.16417910447761194,174,0.8,0.25396825396825395,176.6820013167872,174,0.3322235779174487
CAP288_ENV_C4C5_B_W3_QVOA_1,0.09097348330669208,184,1,0.5,184,0.43548387096774194,0.8247422680412371,183.13114786532353,184,0.9373590987735326
CAP288_ENV_C4C5_W43_QVOA_1,0.09097348330669208,184,0.38461538461538464,0.5,184,0.37398373983739835,0.8247422680412371,125.29543774240861,174,0.05459221319107757
CAP288_ENV_C4C5_W11_QVOA_1,0.09097348330669208,184,0.34256055363321797,0.5,,,N/A,187.160019736606,174,0.2391179071229047
CAP288_ENV_C4C5_W20_QVOA_1,0.09097348330669208,184,0.3424657534246575,0.5,,,N/A,193.26973751942984,174,0.2391179071229047
CAP288_ENV_C4C5_W7_QVOA_1,0.09097348330669208,174,0.5,0.16417910447761194,184,0.3225806451612903,0.8247422680412371,151.26911720562123,174,0.3088835576917619