id,r2,partistic,partistic_support,partistic_tree_confidence,clade,clade_support,clade_tree_cofidence,regression,placement,placement_support
CAP288_ENV_C2C3_W43_QVOA_1,0.8572116997103163,174,0.5,0.46938775510204084,184,0.631578947368421,0.9242424242424242,169.08885862037582,184,0.332621626345476
CAP288_ENV_C2C3_B_W3_QVOA_1,0.8572116997103163,184,0.6666666666666666,0.3939393939393939,184,0.631578947368421,0.9242424242424242,184.64844150300658,184,0.9871424095319508
CAP288_ENV_C2C3_W7_QVOA_1,0.8572116997103163,174,0.5,0.46938775510204084,184,0.631578947368421,0.9242424242424242,165.51659935501445,174,0.43709027288041225
CAP288_ENV_C2C3_W11_QVOA_1,0.8572116997103163,174,0.5294117647058824,0.46938775510204084,184,0.5789473684210527,0.9242424242424242,189.7122110801941,184,0.994659045540385
CAP288_ENV_C2C3_W20_QVOA_1,0.8572116997103163,184,0.6666666666666666,0.3939393939393939,184,1,0.9242424242424242,175.99399895290426,174,0.45043554176156264
CAP288_ENV_C2C3_W37_QVOA_1,0.8572116997103163,184,1,0.3939393939393939,184,1,0.9242424242424242,175.99399895290426,184,0.9999813461496411
CAP288_ENV_C2C3_B_W44_QVOA_1,0.8572116997103163,174,0.5925925925925926,0.46938775510204084,184,0.631578947368421,0.9242424242424242,165.498185647461,174,0.6687158920433358