id,r2,partistic,partistic_support,partistic_tree_confidence,clade,clade_support,clade_tree_cofidence,regression,placement,placement_support
CAP288_ENV_C1C2_W37_QVOA_1,0.5087590958604769,134,0.3888888888888889,0.8,184,0.875,0.926829268292683,92.73450322001548,184,0.7567395147327125
CAP288_ENV_C1C2_W7_QVOA_1,0.5087590958604769,184,0.6666666666666666,0.6341463414634146,184,0.95,0.926829268292683,96.48857863815954,184,0.7567395147327125
CAP288_ENV_C1C2_B_W3_QVOA_1,0.5087590958604769,184,1,0.6341463414634146,184,1,0.926829268292683,273.20524465727215,184,0.7567395147327125
CAP288_ENV_C1C2_W20_QVOA_1,0.5087590958604769,184,1,0.6341463414634146,184,1,0.926829268292683,259.87517071388595,184,0.7567395147327125
CAP288_ENV_C1C2_W43_QVOA_1,0.5087590958604769,184,0.8,0.6341463414634146,184,0.875,0.926829268292683,265.87459147668824,184,0.3018812859227317
CAP288_ENV_C1C2_W11_QVOA_1,0.5087590958604769,184,0.8,0.6341463414634146,184,0.875,0.926829268292683,284.77809180918666,184,0.3018812859227317
CAP288_ENV_C1C2_B_W44_QVOA_1,0.5087590958604769,174,1,0,184,0.875,0.926829268292683,111.47825566238015,174,0.5953924527188202