id,r2,partistic,partistic_support,partistic_tree_confidence,clade,clade_support,clade_tree_cofidence,regression,placement,placement_support
CAP288_GAG_P17_W11_QVOA_1,0.43764517389473334,184,0.65,0.5476190476190477,174,1,0.3333333333333333,165.49822314131652,184,0.6049511240804948
CAP288_GAG_P17_B_W3_QVOA_1,0.43764517389473334,184,0.8333333333333334,0.5476190476190477,174,1,0.3333333333333333,177.91641866320828,174,0.9132895128562072
CAP288_GAG_P17_W20_QVOA_1,0.43764517389473334,184,0.7777777777777778,0.5476190476190477,134,0.3817204301075269,0.8591549295774648,160.20786992711223,184,0.5916269260409549
CAP288_GAG_P17_W37_QVOA_1,0.43764517389473334,134,0.6666666666666666,0.8309859154929577,134,0.4863013698630137,0.8591549295774648,160.55113712040028,134,0.5806577286961552
CAP288_GAG_P17_W43_QVOA_1,0.43764517389473334,184,1,0.5476190476190477,134,0.4863013698630137,0.8591549295774648,170.24338728382799,184,0.5611478685650361
CAP288_GAG_P17_W7_QVOA_1,0.43764517389473334,184,0.8,0.5476190476190477,134,0.3817204301075269,0.8591549295774648,160.10690898790983,184,0.3317093059548839
CAP288_GAG_P17_B_W44_QVOA_1,0.43764517389473334,,,N/A,134,0.3817204301075269,0.8591549295774648,159.23864491076944,184,0.6605589465687649