id,r2,partistic,partistic_support,partistic_tree_confidence,clade,clade_support,clade_tree_cofidence,regression,placement,placement_support
CAP288_ENV_C1C2_W43_QVOA_1,0.4693560121638509,184,0.8,0.4772727272727273,184,0.8648648648648649,0.9090909090909091,250.01350513814518,184,0.41091796417039533
CAP288_ENV_C1C2_W11_QVOA_1,0.4693560121638509,184,0.875,0.4772727272727273,184,1,0.9090909090909091,262.39112225012326,184,0.41091796417039533
CAP288_ENV_C1C2_B_W44_QVOA_1,0.4693560121638509,134,0.42105263157894735,0.7647058823529411,184,0.8648648648648649,0.9090909090909091,108.92971767735115,174,0.6417291043009113
CAP288_ENV_C1C2_W37_QVOA_1,0.4693560121638509,134,0.40625,0.7647058823529411,184,0.8648648648648649,0.9090909090909091,91.565434678533,184,0.6143041817577909
CAP288_ENV_C1C2_W7_QVOA_1,0.4693560121638509,184,0.5,0.4772727272727273,184,0.9047619047619048,0.9090909090909091,95.3297198041509,184,0.6143041817577909
CAP288_ENV_C1C2_B_W3_QVOA_1,0.4693560121638509,184,0.8571428571428571,0.4772727272727273,184,1,0.9090909090909091,257.6149325208446,184,0.6143041817577909
CAP288_ENV_C1C2_W20_QVOA_1,0.4693560121638509,184,0.8571428571428571,0.4772727272727273,184,0.9047619047619048,0.9090909090909091,247.2935055635051,184,0.6143041817577909