id,r2,partistic,partistic_support,partistic_tree_confidence,clade,clade_support,clade_tree_cofidence,regression,placement,placement_support
CAP288_ENV_C1C2_W43_QVOA_1,0.4827055828358563,184,0.8,0.46511627906976744,184,0.8611111111111112,0.9302325581395349,255.36495799629358,184,0.4101903947733063
CAP288_ENV_C1C2_W11_QVOA_1,0.4827055828358563,184,0.875,0.46511627906976744,184,0.8611111111111112,0.9302325581395349,267.217778185587,184,0.4101903947733063
CAP288_ENV_C1C2_B_W44_QVOA_1,0.4827055828358563,134,0.38461538461538464,0.75,184,0.8611111111111112,0.9302325581395349,110.94379166477191,174,0.6412714427270532
CAP288_ENV_C1C2_W37_QVOA_1,0.4827055828358563,134,0.3448275862068966,0.75,184,0.8611111111111112,0.9302325581395349,93.18932354000177,184,0.627306156726339
CAP288_ENV_C1C2_W7_QVOA_1,0.4827055828358563,184,0.5263157894736842,0.46511627906976744,184,0.9,0.9302325581395349,97.71254461502457,184,0.627306156726339
CAP288_ENV_C1C2_B_W3_QVOA_1,0.4827055828358563,184,0.8333333333333334,0.46511627906976744,184,1,0.9302325581395349,263.907902909886,184,0.627306156726339
CAP288_ENV_C1C2_W20_QVOA_1,0.4827055828358563,184,0.8461538461538461,0.46511627906976744,184,0.8333333333333334,0.9302325581395349,250.81697476210093,184,0.627306156726339