id,r2,partistic,partistic_support,partistic_tree_confidence,clade,clade_support,clade_tree_cofidence,regression,placement,placement_support
CAP288_GAG_P17_W20_QVOA_1,0.466179856128633,184,0.5833333333333334,0.5217391304347826,184,0.625,0.8043478260869565,186.2617738825949,184,0.43765632744332406
CAP288_GAG_P17_B_W3_QVOA_1,0.466179856128633,184,0.75,0.5217391304347826,184,0.625,0.8043478260869565,186.92361659796282,174,0.4271958018708363
CAP288_GAG_P17_W11_QVOA_1,0.466179856128633,184,0.5833333333333334,0.5217391304347826,184,0.625,0.8043478260869565,198.17494275921746,184,0.3133022813690932
CAP288_GAG_P17_W43_QVOA_1,0.466179856128633,184,0.5555555555555556,0.5217391304347826,184,0.6341463414634146,0.8043478260869565,169.3664001208416,184,0.1956304319253855
CAP288_GAG_P17_W37_QVOA_1,0.466179856128633,184,0.6666666666666666,0.5217391304347826,184,0.6341463414634146,0.8043478260869565,176.49959383091806,134,0.8027814739248311
CAP288_GAG_P17_B_W44_QVOA_1,0.466179856128633,184,1,0.5217391304347826,184,0.6341463414634146,0.8043478260869565,181.00380119939422,184,0.6606052838692403
CAP288_GAG_P17_W7_QVOA_1,0.466179856128633,184,0.8,0.5217391304347826,184,0.6341463414634146,0.8043478260869565,179.33080989110306,184,0.3296628032398879