id,r2,partistic,partistic_support,partistic_tree_confidence,clade,clade_support,clade_tree_cofidence,regression,placement,placement_support
CAP288_GAG_P17_W37_QVOA_1,0.4893403443736424,134,0.7058823529411765,0.7638888888888888,184,0.6458333333333334,0.7777777777777778,133.0495587272077,134,0.7596261136262421
CAP288_GAG_P17_W43_QVOA_1,0.4893403443736424,184,1,0.4222222222222222,184,0.6458333333333334,0.7777777777777778,133.96272899032473,184,0.1959638553684075
CAP288_GAG_P17_W20_QVOA_1,0.4893403443736424,184,0.7777777777777778,0.4222222222222222,184,0.8333333333333334,0.7777777777777778,206.04489231296594,184,0.4376629110816199
CAP288_GAG_P17_B_W3_QVOA_1,0.4893403443736424,184,0.8,0.4222222222222222,174,1,0.24,189.06381124989633,174,0.4313029278465377
CAP288_GAG_P17_W11_QVOA_1,0.4893403443736424,184,0.6363636363636364,0.4222222222222222,174,1,0.24,200.97388297948635,184,0.3126644476265892
CAP288_GAG_P17_B_W44_QVOA_1,0.4893403443736424,184,1,0.4222222222222222,184,0.6666666666666666,0.7777777777777778,161.96014067440186,184,0.6605890733979425
CAP288_GAG_P17_W7_QVOA_1,0.4893403443736424,184,0.6666666666666666,0.4222222222222222,184,0.6666666666666666,0.7777777777777778,161.04697041128486,184,0.3296628643005066