id,r2,partistic,partistic_support,partistic_tree_confidence,partistic_mean,partistic_variance,clade,clade_support,clade_tree_cofidence,clade_mean,clade_variance,placement,placement_support,placement_mean,placement_variance,regression
CAP288_ENV_C4C5_W37_QVOA,0.10176430563010408,undefined,1,N/A,NaN,0.3333333333333333,undefined,1,N/A,NaN,0.0072992700729927005,174,0.5,179,25,NaN
CAP288_ENV_C4C5_B_W44_QVOA,0.10176430563010408,undefined,1,N/A,NaN,0.14285714285714285,undefined,1,N/A,NaN,0.2,174,0.5,179,25,NaN
CAP288_ENV_C4C5_W43_QVOA,0.10176430563010408,undefined,1,N/A,NaN,0.043478260869565216,undefined,1,N/A,NaN,0.0072992700729927005,174,0.34010309254449267,134.85513806468484,4026.274606328067,NaN
CAP288_ENV_C4C5_B_W3_QVOA,0.10176430563010408,undefined,1,N/A,NaN,0.5,undefined,1,N/A,NaN,1,184,1,184,1.0694095477684789,NaN
CAP288_ENV_C4C5_W7_QVOA,0.10176430563010408,undefined,1,N/A,NaN,0.5,undefined,1,N/A,NaN,0.16666666666666666,174,0.333333340865541,164.0000006778987,466.6666568747963,NaN
CAP288_ENV_C4C5_W11_QVOA,0.10176430563010408,undefined,1,N/A,NaN,0.0058823529411764705,,,N/A,0,Infinity,184,0.5000000230143059,179.00000023014303,24.999999999999943,NaN
CAP288_ENV_C4C5_W20_QVOA,0.10176430563010408,undefined,1,N/A,NaN,0.005050505050505051,,,N/A,0,Infinity,184,0.5000000230143059,179.00000023014303,24.999999999999943,NaN