id,r2,partistic,partistic_support,partistic_tree_confidence,clade,clade_support,clade_tree_cofidence,regression,placement,placement_support
CAP288_ENV_C2C3_W43_QVOA_1,0.8547642858470452,174,1,0.5555555555555556,184,0.6376811594202898,0.9508196721311475,168.1399193598684,174,0.4991028029415044
CAP288_ENV_C2C3_B_W3_QVOA_1,0.8547642858470452,184,0.6666666666666666,0.45901639344262296,184,1,0.9508196721311475,184.90886226504188,184,0.9879514024709621
CAP288_ENV_C2C3_W11_QVOA_1,0.8547642858470452,174,0.5,0.5555555555555556,184,1,0.9508196721311475,190.08723147879107,184,0.9932110634769541
CAP288_ENV_C2C3_W20_QVOA_1,0.8547642858470452,184,1,0.45901639344262296,184,0.5882352941176471,0.9508196721311475,176.10376515429863,184,0.5613436301085604
CAP288_ENV_C2C3_W7_QVOA_1,0.8547642858470452,184,1,0.45901639344262296,184,0.6376811594202898,0.9508196721311475,163.55977330438625,174,0.42797201821655184
CAP288_ENV_C2C3_W37_QVOA_1,0.8547642858470452,184,1,0.45901639344262296,184,1,0.9508196721311475,175.09426357472293,184,0.9999695443126124
CAP288_ENV_C2C3_B_W44_QVOA_1,0.8547642858470452,174,0.6363636363636364,0.5555555555555556,184,0.6376811594202898,0.9508196721311475,164.43841356809097,174,0.5988378641516214