id,r2,partistic,partistic_support,partistic_tree_confidence,partistic_mean,partistic_variance,clade,clade_support,clade_tree_cofidence,clade_mean,clade_variance,placement,placement_support,placement_mean,placement_variance,regression
CAP288_ENV_C2C3_W43_QVOA,0.821022955404846,undefined,1,N/A,NaN,0.5,undefined,1,N/A,NaN,0.25,174,0.7141603521276798,176.8583964787232,20.41353435765482,NaN
CAP288_ENV_C2C3_B_W3_QVOA,0.821022955404846,undefined,1,N/A,NaN,0.08333333333333333,undefined,1,N/A,NaN,0.013157894736842105,184,1,184,1.014024323457663,NaN
CAP288_ENV_C2C3_W11_QVOA,0.821022955404846,undefined,1,N/A,NaN,0.058823529411764705,undefined,1,N/A,NaN,0.05263157894736842,184,1,184,1.0174898056745145,NaN
CAP288_ENV_C2C3_W20_QVOA,0.821022955404846,undefined,1,N/A,NaN,0.3333333333333333,undefined,1,N/A,NaN,1,184,1,184,1.0113301904081888,NaN
CAP288_ENV_C2C3_W7_QVOA,0.821022955404846,undefined,1,N/A,NaN,0.5,undefined,1,N/A,NaN,0.013157894736842105,174,0.5451648299346568,178.54835170065343,24.79601381369735,NaN
CAP288_ENV_C2C3_W37_QVOA,0.821022955404846,undefined,1,N/A,NaN,1,undefined,1,N/A,NaN,0.2,134,1,134,1.027359344938126,NaN
CAP288_ENV_C2C3_B_W44_QVOA,0.821022955404846,undefined,1,N/A,NaN,0.038461538461538464,undefined,1,N/A,NaN,0.013157894736842105,174,0.7604664218642043,176.39533578135794,18.215724308125832,NaN