id,r2,partistic,partistic_support,partistic_tree_confidence,partistic_mean,partistic_variance,clade,clade_support,clade_tree_cofidence,clade_mean,clade_variance,placement,placement_support,placement_mean,placement_variance,regression
CAP288_GAG_P17_W37_QVOA,0.47431050169772937,undefined,1,N/A,NaN,0.0625,undefined,1,N/A,NaN,0.02040816326530612,134,0.8084371956177093,142.84550245806676,334.7266987257633,NaN
CAP288_GAG_P17_W43_QVOA,0.47431050169772937,undefined,1,N/A,NaN,0.5,undefined,1,N/A,NaN,0.02040816326530612,184,0.9886309962740341,183.43154981370174,28.09937370061244,NaN
CAP288_GAG_P17_W20_QVOA,0.47431050169772937,undefined,1,N/A,NaN,0.1111111111111111,undefined,1,N/A,NaN,0.16666666666666666,174,0.5589689677866045,178.41031032213397,24.65226608381824,NaN
CAP288_GAG_P17_W11_QVOA,0.47431050169772937,undefined,1,N/A,NaN,0.045454545454545456,undefined,1,N/A,NaN,1,184,0.6093445715997994,180.093445715998,23.804376466165635,NaN
CAP288_GAG_P17_B_W3_QVOA,0.47431050169772937,undefined,1,N/A,NaN,0.16666666666666666,undefined,1,N/A,NaN,1,184,0.5474415005671825,179.47441500567183,24.7749304023934,NaN
CAP288_GAG_P17_B_W44_QVOA,0.47431050169772937,undefined,1,N/A,NaN,1,undefined,1,N/A,NaN,0.021739130434782608,184,1,184,2.018163908214053,NaN
CAP288_GAG_P17_W7_QVOA,0.47431050169772937,undefined,1,N/A,NaN,0.14285714285714285,undefined,1,N/A,NaN,0.021739130434782608,174,1,174,1.0285135210232885,NaN