id,r2,partistic,partistic_support,partistic_tree_confidence,clade,clade_support,clade_tree_cofidence,regression,placement,placement_support
CAP288_NEF_1_B_W3_QVOA_1,0.6740782359819562,174,0.5,0.16666666666666666,184,0.6666666666666666,0.9285714285714286,180.61554218895412,184,0.3717395535190007
CAP288_NEF_1_W20_QVOA_1,0.6740782359819562,174,0.6666666666666666,0.16666666666666666,184,0.6666666666666666,0.9285714285714286,205.1529460191304,174,0.920102802505976
CAP288_NEF_1_W7_QVOA_1,0.6740782359819562,174,1,0.16666666666666666,174,0.5,0.25,218.51104641293674,174,0.6666647347812648
CAP288_NEF_1_W11_QVOA_1,0.6740782359819562,184,0.75,0.6607142857142857,184,0.6666666666666666,0.9285714285714286,223.15395897699761,184,0.5058656633081835
CAP288_NEF_1_W43_QVOA_1,0.6740782359819562,184,1,0.6607142857142857,184,1,0.9285714285714286,212.078407776696,184,0.9839033893061888
CAP288_NEF_1_W37_QVOA_1,0.6740782359819562,184,1,0.6607142857142857,174,0.5,0.25,134.57548743360215,184,0.7985820589439364
CAP288_NEF_1_B_W44_QVOA_1,0.6740782359819562,174,0.6666666666666666,0.16666666666666666,184,0.6153846153846154,0.9285714285714286,145.00258715847622,184,0.1426025691845618