id,r2,partistic,partistic_support,partistic_tree_confidence,clade,clade_support,clade_tree_cofidence,regression,placement,placement_support
CAP288_ENV_C4C5_W37_QVOA_1,0.09062474793837272,184,0.6666666666666666,0.4811320754716981,184,0.3816793893129771,0.81,165.1395264307696,174,0.3291730105579211
CAP288_ENV_C4C5_B_W44_QVOA_1,0.09062474793837272,174,0.42857142857142855,0.2463768115942029,174,0.8,0.29508196721311475,176.49494102880826,174,0.3322153589750766
CAP288_ENV_C4C5_B_W3_QVOA_1,0.09062474793837272,184,1,0.4811320754716981,184,1,0.81,183.46677660546965,184,0.9349556211451887
CAP288_ENV_C4C5_W43_QVOA_1,0.09062474793837272,184,0.3442622950819672,0.4811320754716981,184,0.3816793893129771,0.81,124.53531665596466,174,0.2301609391953957
CAP288_ENV_C4C5_W11_QVOA_1,0.09062474793837272,184,0.347682119205298,0.4811320754716981,,,N/A,188.52360155163183,174,0.2357993947949324
CAP288_ENV_C4C5_W20_QVOA_1,0.09062474793837272,184,0.3475409836065574,0.4811320754716981,,,N/A,194.68754201855137,174,0.2357993947949324
CAP288_ENV_C4C5_W7_QVOA_1,0.09062474793837272,174,0.5,0.2463768115942029,184,0.33070866141732286,0.81,152.22816569545026,174,0.313569984992173