id,r2,partistic,partistic_support,partistic_tree_confidence,clade,clade_support,clade_tree_cofidence,regression,placement,placement_support
CAP288_ENV_C4C5_W11_QVOA_1,0.08221334870667518,184,0.3287671232876712,0.5238095238095238,,,N/A,178.46848018235795,184,0.7910513779998618
CAP288_ENV_C4C5_W20_QVOA_1,0.08221334870667518,184,0.3333333333333333,0.5238095238095238,,,N/A,183.26612685750882,184,0.7910513779998618
CAP288_ENV_C4C5_W7_QVOA_1,0.08221334870667518,174,1,0.3888888888888889,N/A,N/A,N/A,148.3762529644839,174,0.6339948364424008
CAP288_ENV_C4C5_B_W44_QVOA_1,0.08221334870667518,174,0.4,0.3888888888888889,174,0.75,0.3,160.23742281678463,184,0.6645315638822294
CAP288_ENV_C4C5_W37_QVOA_1,0.08221334870667518,184,1,0.5238095238095238,184,0.4,0.6901408450704225,151.358886319156,184,0.6594657194054941
CAP288_ENV_C4C5_B_W3_QVOA_1,0.08221334870667518,184,1,0.5238095238095238,184,1,0.6901408450704225,173.74019707359483,184,0.9394770293599395
CAP288_ENV_C4C5_W43_QVOA_1,0.08221334870667518,184,0.4,0.5238095238095238,184,0.4,0.6901408450704225,128.6654395159725,174,0.3491624296743482