id,r2,partistic,partistic_support,partistic_tree_confidence,clade,clade_support,clade_tree_cofidence,regression,placement,placement_support
CAP288_ENV_C1C2_B_W44_QVOA_1,0.4416344682178919,174,1,0,184,0.7692307692307693,0.9024390243902439,240.96682136912332,184,0.1964156330285498
CAP288_ENV_C1C2_W11_QVOA_1,0.4416344682178919,184,0.7777777777777778,0.7073170731707317,184,0.7692307692307693,0.9024390243902439,232.00622419430414,184,0.2535405116196197
CAP288_ENV_C1C2_W43_QVOA_1,0.4416344682178919,184,1,0.7073170731707317,184,0.825,0.9024390243902439,107.04988620152494,184,0.2535405116196197
CAP288_ENV_C1C2_B_W3_QVOA_1,0.4416344682178919,184,1,0.7073170731707317,184,0.825,0.9024390243902439,111.94695675055405,184,0.6880982973532489
CAP288_ENV_C1C2_W37_QVOA_1,0.4416344682178919,184,1,0.7073170731707317,184,1,0.9024390243902439,211.24866510586637,184,0.6880982973532489
CAP288_ENV_C1C2_W7_QVOA_1,0.4416344682178919,184,1,0.7073170731707317,184,1,0.9024390243902439,209.23426729137213,184,0.6880982973532489
CAP288_ENV_C1C2_W20_QVOA_1,0.4416344682178919,184,0.9,0.7073170731707317,184,0.825,0.9024390243902439,207.41667845875372,184,0.6880982973532489