id,r2,partistic,partistic_support,partistic_tree_confidence,clade,clade_support,clade_tree_cofidence,regression,placement,placement_support
CAP288_GAG_P17_W37_QVOA_1,0.4271349072950379,134,0.6666666666666666,0.8309859154929577,134,0.4825174825174825,0.9014084507042254,157.98408401017244,134,0.5806557541845752
CAP288_GAG_P17_W43_QVOA_1,0.4271349072950379,184,1,0.5476190476190477,134,0.4863013698630137,0.9014084507042254,167.1025476659953,184,0.5611468242874732
CAP288_GAG_P17_W7_QVOA_1,0.4271349072950379,184,0.8,0.5476190476190477,134,0.4226190476190476,0.9014084507042254,157.68202310231908,184,0.3317093872779958
CAP288_GAG_P17_W11_QVOA_1,0.4271349072950379,184,0.65,0.5476190476190477,174,1,0.375,170.95382424112546,184,0.6049601481346631
CAP288_GAG_P17_B_W3_QVOA_1,0.4271349072950379,184,0.8333333333333334,0.5476190476190477,174,1,0.375,182.5642903867384,174,0.9132740109575257
CAP288_GAG_P17_W20_QVOA_1,0.4271349072950379,184,0.7777777777777778,0.5476190476190477,184,0.8333333333333334,0.2571428571428571,165.9886980682861,184,0.5915572928898398