id,r2,partistic,partistic_support,partistic_tree_confidence,clade,clade_support,clade_tree_cofidence,regression,placement,placement_support
CAP217_ENV_C4C5_W24_QVOA_2,0.20798043726561388,190,0.6666666666666666,0.4878048780487805,N/A,N/A,N/A,150.55123248302374,190,0.4246626655854657
CAP217_ENV_C4C5_B_W11_QVOA_1,0.20798043726561388,218,1,0.8633093525179856,218,1,0.7387387387387387,57.144340168388965,218,0.6602629617752022
CAP217_ENV_C4C5_W14_QVOA_3,0.20798043726561388,242,0.5,0.4222222222222222,218,0.24691358024691357,0.7387387387387387,212.4862561128138,282,0.9894890383326582
CAP217_ENV_C4C5_B_W31_QVOA_2,0.20798043726561388,282,0.6666666666666666,0.5,282,1,0.22,231.63994995042302,282,0.9594441751721159
CAP217_ENV_C4C5_B_W10_QVOA_2,0.20798043726561388,282,0.6363636363636364,0.5,218,0.24691358024691357,0.7387387387387387,248.44393413509118,282,0.2799331443019808
CAP217_ENV_C4C5_B_W32_QVOA_1,0.20798043726561388,282,0.5,0.5,218,0.24691358024691357,0.7387387387387387,270.6119019719274,282,0.2799331443019808
CAP217_ENV_C4C5_W3_QVOA_2,0.20798043726561388,282,0.5,0.5,218,0.21680216802168023,0.7387387387387387,265.5920677133719,282,0.7707683793789915