id,r2,partistic,partistic_support,partistic_tree_confidence,clade,clade_support,clade_tree_cofidence,regression,placement,placement_support
CAP302_ENV_C4C5_B_W23_QVOA_1,0.7615069512552544,82,1,0.5645161290322581,161,0.5208333333333334,0.8191489361702128,79.81026762471188,082,0.9869796838170126
CAP302_ENV_C4C5_B_W11_QVOA_1,0.7615069512552544,136,0.5,0.3181818181818182,161,0.5208333333333334,0.8191489361702128,195.0046040043224,161,0.43961209343881164
CAP302_ENV_C4C5_B_W28_QVOA_3,0.7615069512552544,110,1,0.797979797979798,110,0.24929971988795518,0.7878787878787878,102.33213801336194,110,0.9943035931614141
CAP302_ENV_C4C5_B_W42_QVOA_1,0.7615069512552544,82,0.75,0.5645161290322581,110,0.24929971988795518,0.7878787878787878,48.10938064467373,058,0.4311890319600925
CAP302_ENV_C4C5_B_W62_QVOA_1,0.7615069512552544,110,1,0.797979797979798,110,0.5,0.7878787878787878,78.49455698345052,110,0.9621015368778408
CAP302_ENV_C4C5_B_W52_QVOA_1,0.7615069512552544,27,1,0.9145299145299145,27,1,0.59375,22.182141537464936,027,0.8532225394001409