id,r2,partistic,partistic_support,partistic_tree_confidence,clade,clade_support,clade_tree_cofidence,regression,placement,placement_support
CAP302_ENV_C2C3_B_W42_QVOA_1,0.7708350343252508,58,1,0.9861111111111112,110,0.2439824945295405,0.8026905829596412,47.3282189285282,058,0.9963295261482821
CAP302_ENV_C2C3_B_W62_QVOA_1,0.7708350343252508,82,1,0.882051282051282,82,1,0.5948717948717949,74.33115481989793,082,0.9728218446934568
CAP302_ENV_C2C3_B_W23_QVOA_1,0.7708350343252508,82,1,0.882051282051282,82,1,0.5948717948717949,74.62556759590112,082,0.9999982126137006
CAP302_ENV_C2C3_B_W11_QVOA_1,0.7708350343252508,161,1,0.891566265060241,161,1,0.927710843373494,137.11656656396318,161,0.9999999999742801
CAP302_ENV_C2C3_B_W28_QVOA_3,0.7708350343252508,82,0.6666666666666666,0.882051282051282,82,0.9230769230769231,0.5948717948717949,128.19359473740494,082,0.9860480119543004
CAP302_ENV_C2C3_B_W52_QVOA_1,0.7708350343252508,27,1,0.926829268292683,110,0.2439824945295405,0.8026905829596412,38.05799100719693,027,0.967798601614441