id,r2,partistic,partistic_support,partistic_tree_confidence,clade,clade_support,clade_tree_cofidence,regression,placement,placement_support
CAP302_ENV_C2C3_B_W52_QVOA_1,0.7079273080618086,27,1,0.8536585365853658,110,0.2357293868921776,0.7219730941704036,35.85610331789193,027,0.9638443948838132
CAP302_ENV_C2C3_B_W42_QVOA_1,0.7079273080618086,58,1,0.9652777777777778,110,0.2357293868921776,0.7219730941704036,46.88200617993835,058,0.9963279027812344
CAP302_ENV_C2C3_B_W62_QVOA_1,0.7079273080618086,82,1,0.882051282051282,82,1,0.5897435897435898,85.0097466112898,082,0.9728285028434059
CAP302_ENV_C2C3_B_W28_QVOA_3,0.7079273080618086,82,0.6666666666666666,0.882051282051282,82,0.9230769230769231,0.5897435897435898,130.5909599697413,082,0.9860297732771481