id,r2,partistic,partistic_support,partistic_tree_confidence,clade,clade_support,clade_tree_cofidence,regression,placement,placement_support
CAP302_ENV_C2C3_B_W28_QVOA_3,0.7505236185427985,82,0.6666666666666666,0.8737373737373737,82,0.9230769230769231,0.6818181818181818,139.3215160740047,082,0.9998301738202082
CAP302_ENV_C2C3_B_W11_QVOA_1,0.7505236185427985,161,1,0.8690476190476191,161,1,0.9523809523809523,129.90618562603606,161,0.9973663546419997
CAP302_ENV_C2C3_B_W62_QVOA_1,0.7505236185427985,82,1,0.8737373737373737,82,1,0.6818181818181818,92.86917786028094,082,0.9639715241292182
CAP302_ENV_C2C3_B_W23_QVOA_1,0.7505236185427985,82,1,0.8737373737373737,82,1,0.6818181818181818,93.01260135276792,082,0.9999612273736024
CAP302_ENV_C2C3_B_W42_QVOA_1,0.7505236185427985,58,1,0.9659863945578231,82,0.7,0.6818181818181818,49.02377253940844,058,0.9945232757475572
CAP302_ENV_C2C3_B_W52_QVOA_1,0.7505236185427985,27,1,0.926829268292683,110,0.24597207303974222,0.8253275109170306,37.929543561739166,027,0.9642146674900287