id,r2,partistic,partistic_support,partistic_tree_confidence,clade,clade_support,clade_tree_cofidence,regression,placement,placement_support
CAP302_NEF_1_B_W42_QVOA_1,0.7590487594060971,7,0.3333333333333333,0.8928571428571429,110,0.27906976744186046,0.863013698630137,27.443229853594946,007,0.3613683085736419
CAP302_NEF_1_W11_QVOA_3,0.7590487594060971,58,0.8333333333333334,0.5357142857142857,58,1,0.4642857142857143,94.42857543258278,082,0.3449795873685075
CAP302_NEF_1_B_W62_QVOA_1,0.7590487594060971,110,0.8,0.7123287671232876,110,1,0.863013698630137,158.584514557089,110,0.9964996870996603
CAP302_NEF_1_B_W11_QVOA_1,0.7590487594060971,161,1,0.7777777777777778,161,1,0.8703703703703703,151.2553291629504,161,0.9986299634330331
CAP302_NEF_1_B_W52_QVOA_1,0.7590487594060971,27,0.5,0,58,0.46153846153846156,0.4642857142857143,66.61176016924738,058,0.3924470860835133
CAP302_NEF_1_B_W23_QVOA_1,0.7590487594060971,82,0.6363636363636364,0.3939393939393939,82,1,0.5151515151515151,78.64525990939123,082,0.7919579302486686