id,r2,partistic,partistic_support,partistic_tree_confidence,partistic_mean,partistic_variance,clade,clade_support,clade_tree_cofidence,clade_mean,clade_variance,placement,placement_support,placement_mean,placement_variance,regression
CAP302_NEF_1_B_W42_QVOA,0.8025153912247427,undefined,1,N/A,NaN,0.3333333333333333,undefined,1,N/A,NaN,0.0037593984962406013,007,0.592609235394759,16.87033337058495,187.83160856770297,NaN
CAP302_NEF_1_B_W52_QVOA,0.8025153912247427,undefined,1,N/A,NaN,0.5,undefined,1,N/A,NaN,0.07692307692307693,027,0.5,42.5,240.25,NaN
CAP302_NEF_1_B_W23_QVOA,0.8025153912247427,undefined,1,N/A,NaN,0.16666666666666666,undefined,1,N/A,NaN,0.1111111111111111,082,1,82,1.022412145990395,NaN
CAP302_NEF_1_B_W11_QVOA,0.8025153912247427,undefined,1,N/A,NaN,1,undefined,1,N/A,NaN,0.25,161,1,161,1.0008364053580376,NaN
CAP302_NEF_1_B_W62_QVOA,0.8025153912247427,undefined,1,N/A,NaN,0.3333333333333333,undefined,1,N/A,NaN,0.005555555555555556,110,1,110,1.0067103042418624,NaN
CAP302_NEF_1_W11_QVOA,0.8025153912247427,undefined,1,N/A,NaN,0.058823529411764705,undefined,1,N/A,NaN,0.0037593984962406013,082,0.5803548304348973,71.92851593043754,140.28082630604865,NaN
CAP302_NEF_1_B_W2_QVOA,0.8025153912247427,undefined,1,N/A,NaN,0.058823529411764705,undefined,1,N/A,NaN,0.0037593984962406013,082,0.5803548304348973,71.92851593043754,140.28082630604865,NaN
CAP302_NEF_1_B_W28_QVOA,0.8025153912247427,undefined,1,N/A,NaN,0.058823529411764705,undefined,1,N/A,NaN,0.0037593984962406013,082,0.5803548304348973,71.92851593043754,140.28082630604865,NaN