id,r2,partistic,partistic_support,partistic_tree_confidence,clade,clade_support,clade_tree_cofidence,regression,placement,placement_support
CAP302_ENV_C2C3_B_W42_QVOA_1,0.7716292348666971,58,1,0.9586206896551724,110,0.24458874458874458,0.8495575221238938,47.73071341357452,058,0.9963270870107389
CAP302_ENV_C2C3_B_W62_QVOA_1,0.7716292348666971,82,1,0.8673469387755102,82,1,0.6479591836734694,74.6304930240945,082,0.972817948777256
CAP302_ENV_C2C3_B_W23_QVOA_1,0.7716292348666971,82,1,0.8673469387755102,82,0.84,0.6479591836734694,74.94651840693139,082,0.9999982110193972
CAP302_ENV_C2C3_B_W11_QVOA_1,0.7716292348666971,161,1,0.8690476190476191,161,1,0.9226190476190477,137.18094558416482,161,0.9999999999742866
CAP302_ENV_C2C3_B_W28_QVOA_3,0.7716292348666971,82,0.6666666666666666,0.8673469387755102,82,0.9230769230769231,0.6479591836734694,128.30213720922401,082,0.9860592830416057
CAP302_ENV_C2C3_B_W52_QVOA_1,0.7716292348666971,27,1,0.926829268292683,110,0.24458874458874458,0.8495575221238938,38.4907331725344,027,0.9676302128061546