id,r2,partistic,partistic_support,partistic_tree_confidence,clade,clade_support,clade_tree_cofidence,regression,placement,placement_support
CAP302_NEF_1_W11_QVOA_3,0.8025275606521572,58,0.9090909090909091,0.75,58,1,0.6666666666666666,96.30911386893965,082,0.27937676608217077
CAP302_NEF_1_B_W62_QVOA_1,0.8025275606521572,110,1,0.8153846153846154,110,1,0.9384615384615385,133.68143241037848,110,0.9980937011376155
CAP302_NEF_1_B_W23_QVOA_1,0.8025275606521572,82,0.8571428571428571,0.6428571428571429,82,1,0.6785714285714286,74.54704360715527,082,0.794776467131369
CAP302_NEF_1_B_W42_QVOA_3,0.8025275606521572,7,0.5,0.8148148148148148,110,0.2850877192982456,0.9384615384615385,27.831645430356712,007,0.34824056844680573