id,r2,partistic,partistic_support,partistic_tree_confidence,clade,clade_support,clade_tree_cofidence,regression,placement,placement_support
CAP302_ENV_C2C3_B_W42_QVOA_1,0.773412714377515,58,1,0.9791666666666666,110,0.24586549062844543,0.8161434977578476,47.59246530309188,058,0.9963283789635092
CAP302_ENV_C2C3_B_W62_QVOA_1,0.773412714377515,82,1,0.882051282051282,82,1,0.676923076923077,74.44209945678635,082,0.9728232849964132
CAP302_ENV_C2C3_B_W23_QVOA_1,0.773412714377515,82,1,0.882051282051282,82,1,0.676923076923077,74.75771228478949,082,0.9999982124936854
CAP302_ENV_C2C3_B_W11_QVOA_1,0.773412714377515,161,1,0.8855421686746988,161,1,0.9337349397590361,137.37680027883792,161,0.9999999999743023
CAP302_ENV_C2C3_B_W28_QVOA_3,0.773412714377515,82,0.6666666666666666,0.882051282051282,82,0.9230769230769231,0.676923076923077,128.14136776417507,082,0.9860314345432187
CAP302_ENV_C2C3_B_W52_QVOA_1,0.773412714377515,27,1,0.926829268292683,110,0.24586549062844543,0.8161434977578476,38.334489015000216,027,0.9638487060315967