id,r2,partistic,partistic_support,partistic_tree_confidence,partistic_mean,partistic_variance,clade,clade_support,clade_tree_cofidence,clade_mean,clade_variance,placement,placement_support,placement_mean,placement_variance,regression
CAP302_ENV_C4C5_B_W52_QVOA,0.789697318063264,undefined,1,N/A,NaN,0.16666666666666666,undefined,1,N/A,NaN,0.027777777777777776,027,1,27,1.2244577762830489,NaN
CAP302_ENV_C4C5_B_W42_QVOA,0.789697318063264,undefined,1,N/A,NaN,0.05555555555555555,undefined,1,N/A,NaN,0.002512562814070352,058,0.755514894654217,60.507880280727505,158.05229290970817,NaN
CAP302_ENV_C4C5_B_W23_QVOA,0.789697318063264,undefined,1,N/A,NaN,0.5,undefined,1,N/A,NaN,0.002512562814070352,110,0.5,96,196,NaN
CAP302_ENV_C4C5_B_W28_QVOA,0.789697318063264,undefined,1,N/A,NaN,1,undefined,1,N/A,NaN,0.002512562814070352,110,1,110,1.0093763197964283,NaN
CAP302_ENV_C4C5_W11_QVOA,0.789697318063264,undefined,1,N/A,NaN,1,undefined,1,N/A,NaN,0.002512562814070352,110,1,110,1.0093763197964283,NaN
CAP302_ENV_C4C5_B_W2_QVOA,0.789697318063264,undefined,1,N/A,NaN,1,undefined,1,N/A,NaN,0.002512562814070352,110,1,110,1.0093763197964283,NaN
CAP302_ENV_C4C5_B_W11_QVOA,0.789697318063264,undefined,1,N/A,NaN,0.07142857142857142,undefined,1,N/A,NaN,0.002512562814070352,161,0.6000797108220767,151.0019927705519,149.99003217610596,NaN
CAP302_ENV_C4C5_B_W62_QVOA,0.789697318063264,undefined,1,N/A,NaN,0.06666666666666667,undefined,1,N/A,NaN,0.05263157894736842,110,1,110,1.0567758022523768,NaN