id,r2,partistic,partistic_support,partistic_tree_confidence,clade,clade_support,clade_tree_cofidence,regression,placement,placement_support
CAP302_ENV_C4C5_B_W52_QVOA_1,0.7948874048208928,27,1,0.8421052631578947,27,0.8888888888888888,0.8539325842696629,40.14642902671466,027,0.9003917981768248
CAP302_ENV_C4C5_B_W28_QVOA_3,0.7948874048208928,110,1,0.6818181818181818,110,0.35294117647058826,0.7363636363636363,96.03160172412889,110,0.9879935435282301
CAP302_ENV_C4C5_B_W62_QVOA_1,0.7948874048208928,110,1,0.6818181818181818,110,0.4583333333333333,0.7363636363636363,103.13075217018155,110,0.9727752223771291
CAP302_ENV_C4C5_B_W11_QVOA_1,0.7948874048208928,161,0.6,0.7352941176470589,161,0.25076452599388377,0.8235294117647058,194.03289718405532,161,0.3328867243382
CAP302_ENV_C4C5_B_W23_QVOA_1,0.7948874048208928,82,0.5,0.4027777777777778,161,0.25076452599388377,0.8235294117647058,107.30769417681249,110,0.22183269802988542
CAP302_ENV_C4C5_B_W42_QVOA_1,0.7948874048208928,58,0.5714285714285714,0.47368421052631576,161,0.25076452599388377,0.8235294117647058,46.48613547156162,058,0.5841555334031987