id,r2,partistic,partistic_support,partistic_tree_confidence,clade,clade_support,clade_tree_cofidence,regression,placement,placement_support
CAP302_ENV_C4C5_B_W42_QVOA_4,0.7001226586275621,58,0.75,0.6774193548387096,110,0.2755417956656347,0.8367346938775511,76.85261022022478,058,0.4311790136200896
CAP302_ENV_C4C5_B_W23_QVOA_2,0.7001226586275621,82,0.5,0.5666666666666667,110,0.2755417956656347,0.8367346938775511,90.11521546248709,082,0.9869795050777356
CAP302_ENV_C4C5_B_W62_QVOA_2,0.7001226586275621,110,0.5714285714285714,0.826530612244898,27,0.6,0.7567567567567568,79.10099179562977,110,0.9621011033475136