id,r2,partistic,partistic_support,partistic_tree_confidence,clade,clade_support,clade_tree_cofidence,regression,placement,placement_support
CAP302_NEF_1_B_W42_QVOA_1,0.8304826482019423,27,1,0,110,0.25680933852140075,0.9696969696969697,4.838279377817613,007,0.4366660693106018
CAP302_NEF_1_W11_QVOA_3,0.8304826482019423,58,0.6923076923076923,0.75,110,0.30092592592592593,0.9696969696969697,92.61587785592666,082,0.390524863347094
CAP302_NEF_1_B_W11_QVOA_1,0.8304826482019423,161,1,0.78,161,1,0.82,155.1946877071384,161,0.9994812313604344
CAP302_NEF_1_B_W62_QVOA_1,0.8304826482019423,110,1,0.7575757575757576,110,1,0.9696969696969697,136.68648653673355,110,0.998095161526722
CAP302_NEF_1_B_W52_QVOA_1,0.8304826482019423,58,1,0.75,58,0.5,0.5,71.67143016603819,058,0.2820582141749471
CAP302_NEF_1_B_W23_QVOA_1,0.8304826482019423,82,0.7142857142857143,0.6428571428571429,82,1,0.4642857142857143,84.5435386421155,082,0.7947698550899231