id,r2,partistic,partistic_support,partistic_tree_confidence,clade,clade_support,clade_tree_cofidence,regression,placement,placement_support
CAP302_ENV_C4C5_B_W52_QVOA_1,0.758604269645746,27,0.6666666666666666,0.8389830508474576,27,0.875,0.7303370786516854,25.67032006675626,027,0.8093147974876573
CAP302_ENV_C4C5_B_W42_QVOA_1,0.758604269645746,58,0.4666666666666667,0.4,161,0.2572347266881029,0.84,49.70671854466717,058,0.5395668425512965
CAP302_ENV_C4C5_B_W11_QVOA_1,0.758604269645746,161,0.5384615384615384,0.73,161,0.2572347266881029,0.84,202.4991572367805,161,0.3698916591197811
CAP302_ENV_C4C5_B_W23_QVOA_1,0.758604269645746,82,0.5,0.4142857142857143,110,0.5121951219512195,0.8703703703703703,100.54064954571473,110,0.33255592947925183
CAP302_ENV_C4C5_B_W28_QVOA_3,0.758604269645746,110,1,0.6944444444444444,110,0.21862348178137653,0.8703703703703703,81.79400260707804,110,0.9901362002576342
CAP302_ENV_C4C5_B_W62_QVOA_1,0.758604269645746,110,1,0.6944444444444444,110,0.4583333333333333,0.8703703703703703,85.13642803024582,110,0.9767572551146853