id,r2,partistic,partistic_support,partistic_tree_confidence,partistic_mean,partistic_variance,clade,clade_support,clade_tree_cofidence,clade_mean,clade_variance,placement,placement_support,placement_mean,placement_variance,regression
CAP302_ENV_C2C3_B_W52_QVOA,0.7672594048515035,undefined,1,N/A,NaN,1,undefined,1,N/A,NaN,0.0010449320794148381,027,1,27,1.03365015155093,NaN
CAP302_ENV_C2C3_B_W62_QVOA,0.7672594048515035,undefined,1,N/A,NaN,0.25,undefined,1,N/A,NaN,1,082,1,82,1.0012551074203826,NaN
CAP302_ENV_C2C3_B_W11_QVOA,0.7672594048515035,undefined,1,N/A,NaN,1,undefined,1,N/A,NaN,0.03125,161,1,161,1.0000000000264841,NaN
CAP302_ENV_C2C3_B_W28_QVOA,0.7672594048515035,undefined,1,N/A,NaN,0.3333333333333333,undefined,1,N/A,NaN,0.0021691973969631237,082,1,82,1.0000136302651788,NaN
CAP302_ENV_C2C3_B_W2_QVOA,0.7672594048515035,undefined,1,N/A,NaN,0.3333333333333333,undefined,1,N/A,NaN,0.0021691973969631237,082,1,82,1.0000136302651788,NaN
CAP302_ENV_C2C3_W11_QVOA,0.7672594048515035,undefined,1,N/A,NaN,0.3333333333333333,undefined,1,N/A,NaN,0.0021691973969631237,082,1,82,1.0000136302651788,NaN
CAP302_ENV_C2C3_B_W23_QVOA,0.7672594048515035,undefined,1,N/A,NaN,1,undefined,1,N/A,NaN,0.5,082,1,82,1.000202793496497,NaN
CAP302_ENV_C2C3_B_W42_QVOA,0.7672594048515035,undefined,1,N/A,NaN,1,undefined,1,N/A,NaN,0.01098901098901099,058,1,58,1.0073161301281028,NaN