id,r2,partistic,partistic_support,partistic_tree_confidence,clade,clade_support,clade_tree_cofidence,regression,placement,placement_support
CAP302_NEF_1_W11_QVOA_3,0.8242208689724462,58,0.6666666666666666,0.75,110,0.31683168316831684,0.8461538461538461,91.52700626615767,082,0.2793518096870964
CAP302_NEF_1_B_W11_QVOA_1,0.8242208689724462,161,1,0.8333333333333334,161,1,0.875,161.8179820340467,161,0.9992690673502804
CAP302_NEF_1_B_W62_QVOA_1,0.8242208689724462,110,1,0.7846153846153846,110,1,0.8461538461538461,138.56729782604842,110,0.9980945339006594
CAP302_NEF_1_B_W23_QVOA_1,0.8242208689724462,82,0.8571428571428571,0.6428571428571429,82,1,0.6071428571428571,81.09499398078093,082,0.7947771983570507
CAP302_NEF_1_B_W52_QVOA_1,0.8242208689724462,,,N/A,58,0.5,0.5833333333333334,69.3541683459473,058,0.2819934367122769
CAP302_NEF_1_B_W42_QVOA_1,0.8242208689724462,,,N/A,110,0.2559055118110236,0.8461538461538461,34.24717497228088,007,0.3482405575870468