id,r2,partistic,partistic_support,partistic_tree_confidence,clade,clade_support,clade_tree_cofidence,regression,placement,placement_support
CAP302_NEF_1_B_W42_QVOA_1,0.8213500225063475,7,0.3333333333333333,0.8928571428571429,110,0.284,0.9295774647887324,25.276772744737844,007,0.45443119212384175
CAP302_NEF_1_B_W11_QVOA_1,0.8213500225063475,161,1,0.7884615384615384,161,1,0.7884615384615384,156.08595055210398,161,0.9976558859472802
CAP302_NEF_1_B_W62_QVOA_1,0.8213500225063475,110,1,0.704225352112676,110,1,0.9295774647887324,135.12154142104032,110,0.9977278923473383
CAP302_NEF_1_B_W23_QVOA_1,0.8213500225063475,82,0.75,0.42424242424242425,82,1,0.5757575757575758,79.8715881902163,082,0.7919279194178791
CAP302_NEF_1_B_W52_QVOA_1,0.8213500225063475,27,0.5,0.05263157894736842,58,0.46153846153846156,0.42857142857142855,68.80703892659935,058,0.32849405323762426
CAP302_NEF_1_W11_QVOA_3,0.8213500225063475,58,0.7857142857142857,0.5,110,0.284,0.9295774647887324,91.55487869554868,082,0.3771308348212207