id,r2,partistic,partistic_support,partistic_tree_confidence,clade,clade_support,clade_tree_cofidence,regression,placement,placement_support
CAP302_ENV_C4C5_B_W42_QVOA_1,0.7342012901924952,82,1,0.5555555555555556,110,0.2465753424657534,0.61,50.236748902851076,058,0.4568765290520593
CAP302_ENV_C4C5_B_W23_QVOA_1,0.7342012901924952,82,1,0.5555555555555556,161,0.48322147651006714,0.8191489361702128,80.83045119962274,110,0.4976701161058293
CAP302_ENV_C4C5_B_W11_QVOA_1,0.7342012901924952,136,0.5,0.3283582089552239,161,0.6153846153846154,0.8191489361702128,172.38791991525312,161,0.43967230136888213
CAP302_ENV_C4C5_B_W28_QVOA_3,0.7342012901924952,110,1,0.81,161,0.3722943722943723,0.8191489361702128,106.9066623677774,110,0.9967785576926272
CAP302_ENV_C4C5_B_W62_QVOA_1,0.7342012901924952,110,1,0.81,110,0.5,0.61,86.0188568522916,110,0.9805036311290384
CAP302_ENV_C4C5_B_W52_QVOA_1,0.7342012901924952,27,1,0.8782608695652174,27,1,0.8539325842696629,23.90708113672121,027,0.8447780751827374