Name	Rearrangement	Support
CAP316_GAG_P17_W41_QVOA	CAP316-3100-036WPI-GAG-P17-NGS-065-0-007*1	0.9999999999999585
CAP316_GAG_P17_B_W23_QVOA	CAP316-3100-036WPI-GAG-P17-NGS-065-0-007*1	0.9999999650197521
CAP316_GAG_P17_B_W24_QVOA	CAP316-3100-036WPI-GAG-P17-NGS-065-0-007*1	0.9999999521952004
CAP316_GAG_P17_B_W25_QVOA	CAP316-3100-036WPI-GAG-P17-NGS-065-0-007*1	0.9999999548982843
CAP316_GAG_P17_W9_QVOA	CAP316-3100-036WPI-GAG-P17-NGS-065-0-007*1	0.9999995005130008
