id,r2,partistic,partistic_support,partistic_tree_confidence,clade,clade_support,clade_tree_cofidence,regression,placement,placement_support
CAP316_ENV_C2C3_W41_QVOA_1,0.8483639137819503,90,1,0.9459459459459459,114,0.2692307692307692,0.7755102040816326,87.05213540542083,090,0.9459729379665482
CAP316_ENV_C2C3_W30_QVOA_1,0.8483639137819503,178,0.75,0.8222222222222222,178,0.7272727272727273,0.7777777777777778,204.27206733211275,192,0.5387041202024512
CAP316_ENV_C2C3_B_W23_QVOA_1,0.8483639137819503,178,0.46153846153846156,0.8222222222222222,192,0.4642857142857143,0.41304347826086957,175.62534242708244,192,0.9086305121310053
CAP316_ENV_C2C3_B_W24_QVOA_1,0.8483639137819503,205,1,0.6666666666666666,205,1,0.8055555555555556,195.27309615775766,205,0.9999983124519667
CAP316_ENV_C2C3_W15_QVOA_1,0.8483639137819503,205,1,0.6666666666666666,205,1,0.8055555555555556,186.4407725977425,205,0.9998518620218513
CAP316_ENV_C2C3_B_W25_QVOA_1,0.8483639137819503,205,1,0.6666666666666666,205,1,0.8055555555555556,195.12311330485176,205,0.999945989463743
CAP316_ENV_C2C3_W21_QVOA_1,0.8483639137819503,205,1,0.6666666666666666,205,1,0.8055555555555556,190.82360485488212,205,0.9997490011501844
CAP316_ENV_C2C3_B_W1_QVOA_1,0.8483639137819503,205,1,0.6666666666666666,205,1,0.8055555555555556,177.62511379916134,205,0.9992117916361092
CAP316_ENV_C2C3_B_W15_QVOA_1,0.8483639137819503,178,1,0.8222222222222222,178,0.5,0.7777777777777778,169.77601116375163,178,0.891707255555526
CAP316_ENV_C2C3_W5_QVOA_1,0.8483639137819503,205,1,0.6666666666666666,205,1,0.8055555555555556,202.9055568945255,205,0.9904037806868337
CAP316_ENV_C2C3_W9_QVOA_1,0.8483639137819503,178,0.625,0.8222222222222222,178,0.43902439024390244,0.7777777777777778,205.0386463580763,178,0.2817406535636043