id,r2,partistic,partistic_support,partistic_tree_confidence,clade,clade_support,clade_tree_cofidence,regression,placement,placement_support
CAP316_GAG_P17_W21_QVOA_1,0.26408644184607044,205,0.6842105263157895,0.45,205,0.8095238095238095,0.6,158.11140504226728,205,0.26517639448432617
CAP316_GAG_P17_B_W25_QVOA_1,0.26408644184607044,205,0.8571428571428571,0.45,205,0.8095238095238095,0.6,149.6995052433681,036,0.9999999161990362
CAP316_GAG_P17_W9_QVOA_1,0.26408644184607044,178,0.3333333333333333,0.2826086956521739,178,0.4,0.3695652173913043,134.6422046033385,205,0.662491016879537