id,r2,partistic,partistic_support,partistic_tree_confidence,clade,clade_support,clade_tree_cofidence,regression,placement,placement_support
CAP316_ENV_C2C3_W41_QVOA_1,0.8586257891775252,90,1,0.9459459459459459,114,0.2692307692307692,0.7482993197278912,88.32088485918477,090,0.9477376162255162
CAP316_ENV_C2C3_W30_QVOA_1,0.8586257891775252,178,0.75,0.8333333333333334,178,0.7272727272727273,0.8,203.2638054873761,192,0.538678086777441
CAP316_ENV_C2C3_B_W23_QVOA_1,0.8586257891775252,178,0.4473684210526316,0.8333333333333334,192,0.4642857142857143,0.45652173913043476,177.57671476285495,192,0.9086937212223265
CAP316_ENV_C2C3_W15_QVOA_1,0.8586257891775252,205,1,0.6944444444444444,205,1,0.6388888888888888,187.9925656492796,205,0.999851758575512
CAP316_ENV_C2C3_B_W25_QVOA_1,0.8586257891775252,205,1,0.6944444444444444,205,1,0.6388888888888888,196.35729513037757,205,0.9999458027675939
CAP316_ENV_C2C3_W21_QVOA_1,0.8586257891775252,205,1,0.6944444444444444,205,1,0.6388888888888888,192.20697916178682,205,0.9997488253928768
CAP316_ENV_C2C3_B_W15_QVOA_1,0.8586257891775252,178,1,0.8333333333333334,178,0.5,0.8,170.17344844050388,178,0.891902144554884
CAP316_ENV_C2C3_W5_QVOA_1,0.8586257891775252,205,1,0.6944444444444444,205,1,0.6388888888888888,201.51714741565257,205,0.9904228910434962
CAP316_ENV_C2C3_W9_QVOA_1,0.8586257891775252,178,0.6285714285714286,0.8333333333333334,192,1,0.45652173913043476,205.55529268238953,178,0.2817453400918913