id,r2,partistic,partistic_support,partistic_tree_confidence,clade,clade_support,clade_tree_cofidence,regression,placement,placement_support
CAP188_NEF_1_W3_P1_QVOA_2,0.2809294790130433,185,0.8,0.777992277992278,185,0.6666666666666666,0.749034749034749,243.29745900012446,237,0.9999999999995464
CAP188_NEF_1_W7_QVOA_1,0.2809294790130433,185,0.8,0.777992277992278,185,0.36724565756823824,0.749034749034749,204.9747350563913,237,0.900911463098752
CAP188_NEF_1_W10_QVOA_1,0.2809294790130433,210,0.4666666666666667,0.26174496644295303,237,0.6358024691358025,0.8862745098039215,217.0912839190436,210,0.42526538909600303
CAP188_NEF_1_B_W31_QVOA_2,0.2809294790130433,237,0.9,0.7803921568627451,237,1,0.8862745098039215,220.7461117726961,237,0.5826817999123473
CAP188_NEF_1_W11_QVOA_1,0.2809294790130433,237,0.6666666666666666,0.7803921568627451,237,0.6666666666666666,0.8862745098039215,209.7816282117386,237,0.4355177193963838