id,r2,partistic,partistic_support,partistic_tree_confidence,clade,clade_support,clade_tree_cofidence,regression,placement,placement_support
CAP188_ENV_C4C5_W8_QVOA_1,0.014861061506106887,237,0.2229299363057325,0.2833333333333333,185,0.31116389548693585,0.7480916030534351,135.85213364943053,106,0.5123598079391345
CAP188_ENV_C4C5_W10_QVOA_2,0.014861061506106887,237,0.2777777777777778,0.2833333333333333,185,0.3225806451612903,0.7480916030534351,135.7071662116101,106,0.5123598079391345
CAP188_ENV_C4C5_W7_QVOA_1,0.014861061506106887,185,1,0.5190839694656488,185,0.5384615384615384,0.7480916030534351,140.91548908634797,106,0.9273811924753264
CAP188_ENV_C4C5_W12_QVOA_1,0.014861061506106887,185,0.5714285714285714,0.5190839694656488,,,N/A,150.49804682401623,185,0.29546400027029507
CAP188_ENV_C4C5_W11_QVOA_1,0.014861061506106887,185,0.576271186440678,0.5190839694656488,,,N/A,151.53592963971633,237,0.5492847808826139
CAP188_ENV_C4C5_W3_P2_QVOA_1,0.014861061506106887,185,0.3163841807909605,0.5190839694656488,106,0.5,0.07692307692307693,178.64694148950164,185,0.20907192298544489
CAP188_ENV_C4C5_B_W36_QVOA_1,0.014861061506106887,185,0.32989690721649484,0.5190839694656488,106,0.5,0.07692307692307693,181.46855408360125,106,0.7148452809936334
CAP188_ENV_C4C5_W3_P1_QVOA_1,0.014861061506106887,237,1,0.2833333333333333,132,0.3181818181818182,0.5567010309278351,144.34218316004606,185,0.33535283424064516
CAP188_ENV_C4C5_W6_QVOA_1,0.014861061506106887,69,0.5,0.2923076923076923,132,0.7142857142857143,0.5567010309278351,149.21855161194873,069,0.3170109611652785
CAP188_ENV_C4C5_B_W9_QVOA_1,0.014861061506106887,132,0.6774193548387096,0.7010309278350515,132,1,0.5567010309278351,178.28137142891094,069,0.3118161557281927
CAP188_ENV_C4C5_W4_QVOA_1,0.014861061506106887,237,0.4523809523809524,0.2833333333333333,185,0.3225806451612903,0.7480916030534351,133.61249178397244,185,0.044860421193505765