id,r2,partistic,partistic_support,partistic_tree_confidence,clade,clade_support,clade_tree_cofidence,regression,placement,placement_support
CAP188_ENV_C2C3_W12_QVOA_1,0.7448917205729839,237,0.75,0.6,237,1,0.55,198.26495548959713,185,0.9999937887177475
CAP188_ENV_C2C3_B_W36_QVOA_1,0.7448917205729839,185,0.5,0.9734513274336283,237,1,0.55,178.64421510489763,069,0.9990118007429014
CAP188_ENV_C2C3_W3_P2_QVOA_1,0.7448917205729839,237,1,0.6,185,0.46153846153846156,0.9823008849557522,157.34241384324804,069,0.9985319042718083
CAP188_ENV_C2C3_W8_QVOA_1,0.7448917205729839,237,1,0.6,237,1,0.55,208.77785858574694,185,0.9999999999913565
CAP188_ENV_C2C3_B_W31_QVOA_1,0.7448917205729839,237,1,0.6,237,1,0.55,205.06447037994704,185,0.9999999998535383
CAP188_ENV_C2C3_W11_QVOA_1,0.7448917205729839,185,0.7142857142857143,0.9734513274336283,185,0.45454545454545453,0.9823008849557522,184.0135737267975,185,0.9999999930640069
CAP188_ENV_C2C3_W4_QVOA_1,0.7448917205729839,185,0.9032258064516129,0.9734513274336283,,,N/A,240.79328663034624,185,0.9999996979539154
CAP188_ENV_C2C3_W3_P1_QVOA_1,0.7448917205729839,185,0.8716216216216216,0.9734513274336283,,,N/A,260.48929839759586,185,0.9998634597309771
CAP188_ENV_C2C3_W10_QVOA_1,0.7448917205729839,185,0.9090909090909091,0.9734513274336283,185,0.9074074074074074,0.9823008849557522,226.8178999368965,185,1
CAP188_ENV_C2C3_W7_QVOA_1,0.7448917205729839,185,0.8,0.9734513274336283,185,0.9074074074074074,0.9823008849557522,215.42683071099677,185,0.9999999999999999
CAP188_ENV_C2C3_B_W9_QVOA_1,0.7448917205729839,132,1,0.8275862068965517,132,1,0.4827586206896552,168.3320356955478,069,0.9999630234031648
CAP188_ENV_C2C3_W6_QVOA_1,0.7448917205729839,69,0.4,0.9763779527559056,106,0.5555555555555556,0.35,98.60564499339935,069,0.9999999856930308